[
{
    "fields": {
        "name": "Patrick Lewis",
        "user_permissions": [],
        "password": "pbkdf2_sha256$20000$cdMMvRnTM6cO$GX2u/9teuDUgTkrc6lTj/TIOYSKAEjWUhOZUxRev3Ek=",
        "last_ntf_checked": null,
        "modified": "2015-04-20T19:58:43.827Z",
        "is_superuser": true,
        "profile_albumfile": 12,
        "phone": "+16572001110",
        "email": null,
        "last_login": "2015-04-20T22:41:02.590Z",
        "date_joined": "2015-04-02T16:05:37Z",
        "show_welcome_page": true,
        "groups": [],
        "status": 3,
        "is_staff": true
    },
    "pk": 2,
    "model": "core.account"
},
{
    "fields": {
        "name": "Test Account 2",
        "user_permissions": [],
        "password": "pbkdf2_sha256$20000$jQCsabW5Jsxv$xIUWp7FLPNUZF4Iogc623b/SRHzz+/2UndMpr7alWGw=",
        "last_ntf_checked": null,
        "modified": "2015-04-20T22:14:02.211Z",
        "is_superuser": false,
        "profile_albumfile": null,
        "phone": "+16575550101",
        "email": null,
        "last_login": "2015-04-28T23:37:18.459Z",
        "date_joined": "2015-04-02T22:55:41Z",
        "show_welcome_page": true,
        "groups": [],
        "status": 3,
        "is_staff": false
    },
    "pk": 8,
    "model": "core.account"
},
{
    "fields": {
        "name": "Huy Nguyen",
        "user_permissions": [],
        "password": "pbkdf2_sha256$20000$3a6sKZIy9ss1$Zrb+6woTTDdxtMW7x0ljXNTAmwthhwGRYCb17RPk3Vw=",
        "last_ntf_checked": "2015-05-19T16:50:03.930Z",
        "modified": "2015-05-19T16:50:03.930Z",
        "is_superuser": true,
        "profile_albumfile": null,
        "phone": "+17146032364",
        "email": "quochuynguyen@gmail.com",
        "last_login": "2015-05-15T17:07:11.246Z",
        "date_joined": "2015-04-03T22:48:41.675Z",
        "show_welcome_page": true,
        "groups": [],
        "status": 3,
        "is_staff": true
    },
    "pk": 9,
    "model": "core.account"
},
{
    "fields": {
        "name": "Henry Onbridge",
        "user_permissions": [],
        "password": "pbkdf2_sha256$20000$wk7BGSZ2YR8c$L2KydVO+y/3njEWOeaCeNxTfclcTzgklgaCnZBHkM8I=",
        "last_ntf_checked": "2015-05-19T23:47:47.257Z",
        "modified": "2015-05-19T23:47:47.257Z",
        "is_superuser": false,
        "profile_albumfile": null,
        "phone": "+17148885070",
        "email": null,
        "last_login": "2015-05-18T21:38:09.199Z",
        "date_joined": "2015-04-14T21:55:27Z",
        "show_welcome_page": true,
        "groups": [],
        "status": 3,
        "is_staff": false
    },
    "pk": 10,
    "model": "core.account"
},
{
    "fields": {
        "name": "Test Account 1",
        "user_permissions": [],
        "password": "pbkdf2_sha256$20000$BPGNC6MVkdV4$P1ambEGqiR0b9zV8cEkYVRCOvlbQgWgUGj4g1Md7NkY=",
        "last_ntf_checked": null,
        "modified": "2015-04-20T22:11:41.589Z",
        "is_superuser": false,
        "profile_albumfile": null,
        "phone": "+16575550100",
        "email": null,
        "last_login": "2015-04-28T23:38:20.308Z",
        "date_joined": "2015-04-20T22:11:27Z",
        "show_welcome_page": true,
        "groups": [],
        "status": 3,
        "is_staff": false
    },
    "pk": 11,
    "model": "core.account"
},
{
    "fields": {
        "name": "Test Account 3",
        "user_permissions": [],
        "password": "pbkdf2_sha256$20000$MHHTdR9aqYTO$Y0jYJI/xB6iyON62PLXbISmy6CGxGD8mflRHi6bTUNU=",
        "last_ntf_checked": null,
        "modified": "2015-04-20T22:57:33.961Z",
        "is_superuser": false,
        "profile_albumfile": null,
        "phone": "+16575550102",
        "email": null,
        "last_login": "2015-04-21T15:44:59.498Z",
        "date_joined": "2015-04-20T22:46:55Z",
        "show_welcome_page": true,
        "groups": [],
        "status": 3,
        "is_staff": false
    },
    "pk": 12,
    "model": "core.account"
},
{
    "fields": {
        "name": "CUSTOM",
        "is_virtual": false,
        "created": "2015-04-03T01:57:34.833Z",
        "modified": "2015-04-03T11:02:37.204Z",
        "is_deletable": true,
        "description": "Custom",
        "sort_order": 50
    },
    "pk": 0,
    "model": "core.albumtype"
},
{
    "fields": {
        "name": "SHARED",
        "is_virtual": true,
        "created": "2015-04-03T10:59:58.709Z",
        "modified": "2015-04-03T11:03:17.176Z",
        "is_deletable": false,
        "description": "Shared by You album",
        "sort_order": 90
    },
    "pk": 3,
    "model": "core.albumtype"
},
{
    "fields": {
        "name": "DEFAULT_PROFILE",
        "is_virtual": false,
        "created": "2015-04-03T02:08:03.473Z",
        "modified": "2015-04-03T11:02:12.303Z",
        "is_deletable": false,
        "description": "Default profile album",
        "sort_order": 30
    },
    "pk": 4,
    "model": "core.albumtype"
},
{
    "fields": {
        "name": "DEFAULT_EVENT",
        "is_virtual": false,
        "created": "2015-04-03T02:13:06.462Z",
        "modified": "2015-04-03T11:02:53.210Z",
        "is_deletable": false,
        "description": "Default event album",
        "sort_order": 60
    },
    "pk": 5,
    "model": "core.albumtype"
},
{
    "fields": {
        "name": "BACKGROUND",
        "is_virtual": false,
        "created": "2015-04-03T02:06:48.346Z",
        "modified": "2015-04-03T11:01:57.947Z",
        "is_deletable": false,
        "description": "Your backgrounds album",
        "sort_order": 20
    },
    "pk": 8,
    "model": "core.albumtype"
},
{
    "fields": {
        "name": "LIFEEVENT",
        "is_virtual": false,
        "created": "2015-04-03T02:09:21.164Z",
        "modified": "2015-04-03T11:02:24.377Z",
        "is_deletable": false,
        "description": "Life Event album",
        "sort_order": 40
    },
    "pk": 9,
    "model": "core.albumtype"
},
{
    "fields": {
        "name": "ALLMEDIA",
        "is_virtual": true,
        "created": "2015-04-03T02:02:51.619Z",
        "modified": "2015-04-03T02:02:51.619Z",
        "is_deletable": false,
        "description": "All media album",
        "sort_order": 0
    },
    "pk": 11,
    "model": "core.albumtype"
},
{
    "fields": {
        "name": "LIKED",
        "is_virtual": true,
        "created": "2015-04-03T02:05:09.553Z",
        "modified": "2015-04-03T11:01:44.001Z",
        "is_deletable": false,
        "description": "Liked by You album",
        "sort_order": 10
    },
    "pk": 12,
    "model": "core.albumtype"
},
{
    "fields": {
        "media_created": null,
        "name": "Echinacea_purpurea,_Jard\u00edn_Bot\u00e1nico,_M\u00fanich,_Alemania,_2013-09-08,_DD_01",
        "albums": [
            17
        ],
        "modified": "2015-04-11T13:39:24.670Z",
        "owner": [
            "+16572001110"
        ],
        "height": 3253,
        "file_type": 1,
        "created": "2015-04-10T18:33:45.612Z",
        "size_bytes": 6397031,
        "description": "",
        "width": 4880,
        "file_url": "https://eventuremember-dev.s3.amazonaws.com:443/img/2015/04/11/11872149-9c67-47fc-8245-5fe666d073f6.jpeg",
        "status": 1
    },
    "pk": 7,
    "model": "core.albumfile"
},
{
    "fields": {
        "media_created": null,
        "name": "Caba\u00f1a_subterr\u00e1nea_en_la_regi\u00f3n_de_B\u00fa\u00f0ahraun,_Vesturland,_Islandia,_2014-08-14,_DD_046",
        "albums": [
            17
        ],
        "modified": "2015-04-11T15:30:32.051Z",
        "owner": [
            "+16572001110"
        ],
        "height": 3744,
        "file_type": 1,
        "created": "2015-04-10T19:10:34.838Z",
        "size_bytes": 6754449,
        "description": "",
        "width": 5616,
        "file_url": "https://eventuremember-dev.s3.amazonaws.com:443/img/2015/04/11/67b816be-fe15-44e9-a01d-c8f029cda614.jpeg",
        "status": 1
    },
    "pk": 9,
    "model": "core.albumfile"
},
{
    "fields": {
        "media_created": null,
        "name": "Hommik_Mukri_rabas",
        "albums": [
            17
        ],
        "modified": "2015-04-11T15:41:04.032Z",
        "owner": [
            "+16572001110"
        ],
        "height": 2002,
        "file_type": 1,
        "created": "2015-04-11T15:40:53.544Z",
        "size_bytes": 3512238,
        "description": "",
        "width": 3557,
        "file_url": "https://eventuremember-dev.s3.amazonaws.com:443/img/2015/04/11/f85577e7-8e01-44d5-957d-da8440db1f01.jpeg",
        "status": 1
    },
    "pk": 10,
    "model": "core.albumfile"
},
{
    "fields": {
        "media_created": null,
        "name": "Karula_vaade",
        "albums": [
            17
        ],
        "modified": "2015-04-11T15:43:15.806Z",
        "owner": [
            "+16572001110"
        ],
        "height": 2002,
        "file_type": 1,
        "created": "2015-04-11T15:43:06.928Z",
        "size_bytes": 3973731,
        "description": "",
        "width": 3557,
        "file_url": "https://eventuremember-dev.s3.amazonaws.com:443/img/2015/04/11/7fb2a32a-eee5-4e12-886a-1f80b086dac6.jpeg",
        "status": 1
    },
    "pk": 11,
    "model": "core.albumfile"
},
{
    "fields": {
        "media_created": null,
        "name": "\u041c\u043e\u043d\u0430\u0441\u0442\u0438\u0440_\u043d\u0430\u0434_\u041b\u0430\u0442\u043e\u0440\u0438\u0446\u0435\u044e_-_2",
        "albums": [
            17
        ],
        "modified": "2015-04-11T16:02:05.873Z",
        "owner": [
            "+16572001110"
        ],
        "height": 4000,
        "file_type": 1,
        "created": "2015-04-11T16:01:13.964Z",
        "size_bytes": 31388302,
        "description": "",
        "width": 8089,
        "file_url": "https://eventuremember-dev.s3.amazonaws.com:443/img/2015/04/11/d56f2dd7-3413-4175-8908-2175a5dd637a.jpeg",
        "status": 1
    },
    "pk": 12,
    "model": "core.albumfile"
},
{
    "fields": {
        "media_created": null,
        "name": "imgres copy 2",
        "albums": [
            12
        ],
        "modified": "2015-04-13T17:09:53.005Z",
        "owner": [
            "+17146032364"
        ],
        "height": 295,
        "file_type": 1,
        "created": "2015-04-13T17:09:50.724Z",
        "size_bytes": 7735,
        "description": "",
        "width": 171,
        "file_url": "https://eventuremember-dev.s3.amazonaws.com:443/img/2015/04/13/97b688bd-2311-4f7d-9ab7-57230f2c32c5.jpeg",
        "status": 4
    },
    "pk": 13,
    "model": "core.albumfile"
},
{
    "fields": {
        "media_created": null,
        "name": "03881_panoramicviewatbariloche_1920x1080",
        "albums": [
            12
        ],
        "modified": "2015-04-13T17:12:58.384Z",
        "owner": [
            "+17146032364"
        ],
        "height": 1080,
        "file_type": 1,
        "created": "2015-04-13T17:12:55.566Z",
        "size_bytes": 2246153,
        "description": "",
        "width": 1920,
        "file_url": "https://eventuremember-dev.s3.amazonaws.com:443/img/2015/04/13/e4f6c67b-0ddd-4e88-9ab8-3d09f1008629.jpeg",
        "status": 4
    },
    "pk": 14,
    "model": "core.albumfile"
},
{
    "fields": {
        "media_created": null,
        "name": "03881_panoramicviewatbariloche_1280x720",
        "albums": [
            12
        ],
        "modified": "2015-04-13T17:16:52.691Z",
        "owner": [
            "+17146032364"
        ],
        "height": 720,
        "file_type": 1,
        "created": "2015-04-13T17:16:49.651Z",
        "size_bytes": 1083569,
        "description": "",
        "width": 1280,
        "file_url": "https://eventuremember-dev.s3.amazonaws.com:443/img/2015/04/13/3f1497de-d48b-4620-8568-2dc6da34b498.jpeg",
        "status": 4
    },
    "pk": 15,
    "model": "core.albumfile"
},
{
    "fields": {
        "media_created": null,
        "name": "03881_panoramicviewatbariloche_2560x1440",
        "albums": [
            7
        ],
        "modified": "2015-04-13T17:19:12.096Z",
        "owner": [
            "+17146032364"
        ],
        "height": 1440,
        "file_type": 1,
        "created": "2015-04-13T17:19:09.078Z",
        "size_bytes": 3848827,
        "description": "",
        "width": 2560,
        "file_url": "https://eventuremember-dev.s3.amazonaws.com:443/img/2015/04/13/2cf2b129-a8dd-4c74-9945-dd7a16935f1e.jpeg",
        "status": 4
    },
    "pk": 16,
    "model": "core.albumfile"
},
{
    "fields": {
        "media_created": null,
        "name": "03880_timeout_1920x1080",
        "albums": [
            7
        ],
        "modified": "2015-04-13T17:22:47.710Z",
        "owner": [
            "+17146032364"
        ],
        "height": 1080,
        "file_type": 1,
        "created": "2015-04-13T17:22:45.498Z",
        "size_bytes": 689661,
        "description": "",
        "width": 1920,
        "file_url": "https://eventuremember-dev.s3.amazonaws.com:443/img/2015/04/13/63ced4df-e634-4930-b25a-5bcd2b543bf3.jpeg",
        "status": 4
    },
    "pk": 17,
    "model": "core.albumfile"
},
{
    "fields": {
        "media_created": null,
        "name": "03879_forlornkeel_1920x1080",
        "albums": [
            18
        ],
        "modified": "2015-04-13T20:54:00.711Z",
        "owner": [
            "+17146032364"
        ],
        "height": 1080,
        "file_type": 1,
        "created": "2015-04-13T20:50:05.310Z",
        "size_bytes": 1898770,
        "description": "",
        "width": 1920,
        "file_url": "https://eventuremember-dev.s3.amazonaws.com:443/img/2015/04/13/d9a98178-8671-4c71-90ba-3dbf6feebaa9.jpeg",
        "status": 4
    },
    "pk": 18,
    "model": "core.albumfile"
},
{
    "fields": {
        "media_created": null,
        "name": "03876_gorgeousdayatbedruthansteps_1920x1080",
        "albums": [
            7
        ],
        "modified": "2015-04-13T22:01:53.718Z",
        "owner": [
            "+17146032364"
        ],
        "height": 1080,
        "file_type": 1,
        "created": "2015-04-13T22:01:50.558Z",
        "size_bytes": 2855358,
        "description": "",
        "width": 1920,
        "file_url": "https://eventuremember-dev.s3.amazonaws.com:443/img/2015/04/13/c77bbbbf-e58c-4cab-888b-7da23122c830.jpeg",
        "status": 4
    },
    "pk": 19,
    "model": "core.albumfile"
},
{
    "fields": {
        "media_created": null,
        "name": "03875_atlantisnebula4_1920x1080",
        "albums": [
            7
        ],
        "modified": "2015-04-13T22:03:30.829Z",
        "owner": [
            "+17146032364"
        ],
        "height": 1080,
        "file_type": 1,
        "created": "2015-04-13T22:03:20.797Z",
        "size_bytes": 1108383,
        "description": "",
        "width": 1920,
        "file_url": "https://eventuremember-dev.s3.amazonaws.com:443/img/2015/04/13/2ae1123c-ca5f-43ba-aa26-e3557a328d68.jpeg",
        "status": 1
    },
    "pk": 20,
    "model": "core.albumfile"
},
{
    "fields": {
        "media_created": null,
        "name": "search-2",
        "albums": [
            7
        ],
        "modified": "2015-04-13T22:12:50.632Z",
        "owner": [
            "+17146032364"
        ],
        "height": 117,
        "file_type": 1,
        "created": "2015-04-13T22:12:43.920Z",
        "size_bytes": 3055,
        "description": "",
        "width": 176,
        "file_url": "https://eventuremember-dev.s3.amazonaws.com:443/img/2015/04/13/30f5fcb8-78d2-4962-9a79-289f213ad16d.jpeg",
        "status": 1
    },
    "pk": 21,
    "model": "core.albumfile"
},
{
    "fields": {
        "media_created": null,
        "name": "03882_stmaryslines_1920x1080",
        "albums": [
            7
        ],
        "modified": "2015-04-14T16:17:19.892Z",
        "owner": [
            "+17146032364"
        ],
        "height": 1080,
        "file_type": 1,
        "created": "2015-04-14T16:17:16.811Z",
        "size_bytes": 1349845,
        "description": "",
        "width": 1920,
        "file_url": "https://eventuremember-dev.s3.amazonaws.com:443/img/2015/04/14/9a36a4dc-9eba-43d0-8f73-b4abb2a88558.jpeg",
        "status": 4
    },
    "pk": 22,
    "model": "core.albumfile"
},
{
    "fields": {
        "media_created": null,
        "name": "03873_seamosssunset_1920x1080",
        "albums": [
            7
        ],
        "modified": "2015-04-14T16:20:25.630Z",
        "owner": [
            "+17146032364"
        ],
        "height": 1080,
        "file_type": 1,
        "created": "2015-04-14T16:20:17.453Z",
        "size_bytes": 2370153,
        "description": "",
        "width": 1920,
        "file_url": "https://eventuremember-dev.s3.amazonaws.com:443/img/2015/04/14/a8ea928c-12f1-4724-86dc-7f6e03fe4925.jpeg",
        "status": 1
    },
    "pk": 23,
    "model": "core.albumfile"
},
{
    "fields": {
        "media_created": null,
        "name": "03873_seamosssunset_2560x1440",
        "albums": [
            13
        ],
        "modified": "2015-04-14T16:24:25.164Z",
        "owner": [
            "+17146032364"
        ],
        "height": 1440,
        "file_type": 1,
        "created": "2015-04-14T16:24:16.136Z",
        "size_bytes": 3921226,
        "description": "",
        "width": 2560,
        "file_url": "https://eventuremember-dev.s3.amazonaws.com:443/img/2015/04/14/d5805d8f-6e34-4010-a202-55d8e2454074.jpeg",
        "status": 1
    },
    "pk": 24,
    "model": "core.albumfile"
},
{
    "fields": {
        "media_created": null,
        "name": "Miya_Daiko_drum_-_Taiko_drums",
        "albums": [
            13
        ],
        "modified": "2015-04-14T16:26:46.627Z",
        "owner": [
            "+17146032364"
        ],
        "height": 663,
        "file_type": 1,
        "created": "2015-04-14T16:26:39.952Z",
        "size_bytes": 154144,
        "description": "",
        "width": 685,
        "file_url": "https://eventuremember-dev.s3.amazonaws.com:443/img/2015/04/14/21d57892-14e8-4a6a-b108-aa60f01fec74.jpeg",
        "status": 1
    },
    "pk": 25,
    "model": "core.albumfile"
},
{
    "fields": {
        "media_created": null,
        "name": "Miya_Daiko_drum_-_Taiko_drums",
        "albums": [
            13
        ],
        "modified": "2015-04-14T16:27:07.592Z",
        "owner": [
            "+17146032364"
        ],
        "height": 663,
        "file_type": 1,
        "created": "2015-04-14T16:26:58.914Z",
        "size_bytes": 154144,
        "description": "",
        "width": 685,
        "file_url": "https://eventuremember-dev.s3.amazonaws.com:443/img/2015/04/14/2700181c-b6c2-4978-b59f-39ab49790568.jpeg",
        "status": 1
    },
    "pk": 26,
    "model": "core.albumfile"
},
{
    "fields": {
        "media_created": null,
        "name": "Miya_Daiko_drum_-_Taiko_drums",
        "albums": [
            13
        ],
        "modified": "2015-04-14T16:37:26.618Z",
        "owner": [
            "+17146032364"
        ],
        "height": 663,
        "file_type": 1,
        "created": "2015-04-14T16:37:16.597Z",
        "size_bytes": 154144,
        "description": "",
        "width": 685,
        "file_url": "https://eventuremember-dev.s3.amazonaws.com:443/img/2015/04/14/430422a1-bc6d-40fd-bcf5-bcba61862e47.jpeg",
        "status": 1
    },
    "pk": 27,
    "model": "core.albumfile"
},
{
    "fields": {
        "media_created": null,
        "name": "Prismas_Bas\u00c3\u00a1lticos,_Huasca_de_Ocampo,_Hidalgo,_M\u00c3\u00a9xico,_2013-10-10,_DD_25",
        "albums": [
            3
        ],
        "modified": "2015-04-15T18:41:01.089Z",
        "owner": [
            "+16572001110"
        ],
        "height": 4951,
        "file_type": 1,
        "created": "2015-04-15T18:06:44.955Z",
        "size_bytes": 8662990,
        "description": "",
        "width": 3418,
        "file_url": "https://eventuremember-dev.s3.amazonaws.com/img/2015/04/15/bb9c6150-59a8-4294-ac63-53e65d36da5a.jpeg",
        "status": 1
    },
    "pk": 28,
    "model": "core.albumfile"
},
{
    "fields": {
        "media_created": null,
        "name": "Sizzix something",
        "albums": [
            17
        ],
        "modified": "2015-04-15T18:45:10.079Z",
        "owner": [
            "+16572001110"
        ],
        "height": 800,
        "file_type": 1,
        "created": "2015-04-15T18:45:08.266Z",
        "size_bytes": 84072,
        "description": "",
        "width": 800,
        "file_url": "https://eventuremember-dev.s3.amazonaws.com/img/2015/04/15/5963c015-4fc9-4723-b402-37447158e189.jpeg",
        "status": 1
    },
    "pk": 29,
    "model": "core.albumfile"
},
{
    "fields": {
        "media_created": null,
        "name": "2010_10_20_Gulen_Byrkjenes_073",
        "albums": [
            17
        ],
        "modified": "2015-04-15T23:00:51.812Z",
        "owner": [
            "+16572001110"
        ],
        "height": 2840,
        "file_type": 1,
        "created": "2015-04-15T23:00:49.468Z",
        "size_bytes": 3770441,
        "description": "",
        "width": 3984,
        "file_url": "https://eventuremember-dev.s3.amazonaws.com/img/2015/04/15/0e531048-e88b-4214-9f17-11f06b310d69.jpeg",
        "status": 1
    },
    "pk": 30,
    "model": "core.albumfile"
},
{
    "fields": {
        "media_created": null,
        "name": "Karula_vaade",
        "albums": [
            3
        ],
        "modified": "2015-04-16T20:52:07.892Z",
        "owner": [
            "+16572001110"
        ],
        "height": 2002,
        "file_type": 1,
        "created": "2015-04-16T20:50:45.704Z",
        "size_bytes": 3973731,
        "description": "",
        "width": 3557,
        "file_url": "https://eventuremember-dev.s3.amazonaws.com/img/2015/04/16/615d32c6-3f18-43a6-8d68-a1262dc29053.jpeg",
        "status": 1
    },
    "pk": 31,
    "model": "core.albumfile"
},
{
    "fields": {
        "media_created": null,
        "name": "Caba\u00f1a_subterr\u00e1nea_en_la_regi\u00f3n_de_B\u00fa\u00f0ahraun,_Vesturland,_Islandia,_2014-08-14,_DD_046",
        "albums": [
            3
        ],
        "modified": "2015-04-16T20:59:26.622Z",
        "owner": [
            "+16572001110"
        ],
        "height": 3744,
        "file_type": 1,
        "created": "2015-04-16T20:59:24.813Z",
        "size_bytes": 6754449,
        "description": "",
        "width": 5616,
        "file_url": "https://eventuremember-dev.s3.amazonaws.com/img/2015/04/16/15192de7-6c51-4e99-bc25-1844f46da539.jpeg",
        "status": 1
    },
    "pk": 32,
    "model": "core.albumfile"
},
{
    "fields": {
        "media_created": null,
        "name": "images-3",
        "albums": [
            20
        ],
        "modified": "2015-04-16T21:56:06.133Z",
        "owner": [
            "+17148885070"
        ],
        "height": 194,
        "file_type": 1,
        "created": "2015-04-16T21:55:58.338Z",
        "size_bytes": 10700,
        "description": "",
        "width": 259,
        "file_url": "https://eventuremember-dev.s3.amazonaws.com:443/img/2015/04/16/03c1cc68-8fa9-4b02-a0c3-3c4353f3a770.jpeg",
        "status": 1
    },
    "pk": 33,
    "model": "core.albumfile"
},
{
    "fields": {
        "media_created": null,
        "name": "search-2",
        "albums": [
            48
        ],
        "modified": "2015-04-17T17:43:49.738Z",
        "owner": [
            "+17148885070"
        ],
        "height": 117,
        "file_type": 1,
        "created": "2015-04-17T17:43:42.775Z",
        "size_bytes": 3055,
        "description": "",
        "width": 176,
        "file_url": "https://eventuremember-dev.s3.amazonaws.com:443/img/2015/04/17/dccf9cfb-cf5f-4e40-9b44-90a82c110c42.jpeg",
        "status": 1
    },
    "pk": 34,
    "model": "core.albumfile"
},
{
    "fields": {
        "media_created": null,
        "name": "Karula_vaade",
        "albums": [
            17
        ],
        "modified": "2015-04-17T23:05:45.719Z",
        "owner": [
            "+16572001110"
        ],
        "height": 2002,
        "file_type": 1,
        "created": "2015-04-17T23:05:44.161Z",
        "size_bytes": 3973731,
        "description": "",
        "width": 3557,
        "file_url": "https://eventuremember-dev.s3.amazonaws.com/img/2015/04/17/def97bd1-b36e-4a19-a2ce-b861f0294606.jpeg",
        "status": 1
    },
    "pk": 35,
    "model": "core.albumfile"
},
{
    "fields": {
        "media_created": null,
        "name": "Villeneuvette,_Herault_02",
        "albums": [],
        "modified": "2015-04-28T18:08:34.020Z",
        "owner": [
            "+16572001110"
        ],
        "height": 3050,
        "file_type": 1,
        "created": "2015-04-28T15:20:00Z",
        "size_bytes": 13750415,
        "description": "",
        "width": 4880,
        "file_url": "https://s3.amazonaws.com/evtimedia/dev/test/Villeneuvette%2C_He%CC%81rault_02.jpg",
        "status": 1
    },
    "pk": 4781,
    "model": "core.albumfile"
},
{
    "fields": {
        "media_created": null,
        "name": "Christus_carthusian",
        "albums": [
            3
        ],
        "modified": "2015-04-29T18:20:35.487Z",
        "owner": [
            "+16572001110"
        ],
        "height": 6367,
        "file_type": 1,
        "created": "2015-04-29T18:20:12.734Z",
        "size_bytes": 9251017,
        "description": "",
        "width": 4660,
        "file_url": "https://evtimedia.s3.amazonaws.com/dev/img/2015/04/29/2eb95865-e776-4362-a81a-20517b143957.jpeg",
        "status": 1
    },
    "pk": 4786,
    "model": "core.albumfile"
},
{
    "fields": {
        "media_created": null,
        "name": "Triangle thing",
        "albums": [
            3
        ],
        "modified": "2015-04-29T18:28:32.538Z",
        "owner": [
            "+16572001110"
        ],
        "height": 800,
        "file_type": 1,
        "created": "2015-04-29T18:28:25.889Z",
        "size_bytes": 91496,
        "description": "",
        "width": 800,
        "file_url": "https://evtimedia.s3.amazonaws.com/dev/img/2015/04/29/ba31b137-4f28-40c1-a6ce-237329e55f34.jpeg",
        "status": 1
    },
    "pk": 4787,
    "model": "core.albumfile"
},
{
    "fields": {
        "media_created": null,
        "name": "imgres-1 copy",
        "albums": [
            388
        ],
        "modified": "2015-05-08T21:19:30.352Z",
        "owner": [
            "+17146032364"
        ],
        "height": 271,
        "file_type": 1,
        "created": "2015-05-08T21:19:30.352Z",
        "size_bytes": 8345,
        "description": "",
        "width": 186,
        "file_url": null,
        "status": 4
    },
    "pk": 4788,
    "model": "core.albumfile"
},
{
    "fields": {
        "name": "All Media Album",
        "event": null,
        "created": "2015-04-03T12:48:41.521Z",
        "album_type": 11,
        "owner": [
            "+16572001110"
        ],
        "description": "",
        "modified": "2015-04-03T12:48:41.521Z",
        "status": 1
    },
    "pk": 1,
    "model": "core.album"
},
{
    "fields": {
        "name": "This is a test Album",
        "event": null,
        "created": "2015-04-03T23:05:46.230Z",
        "album_type": 0,
        "owner": [
            "+16572001110"
        ],
        "description": "I am a useful description.",
        "modified": "2015-04-03T23:24:14.936Z",
        "status": 1
    },
    "pk": 3,
    "model": "core.album"
},
{
    "fields": {
        "name": "Album for Crazy Event",
        "event": 2,
        "created": "2015-04-06T21:33:20.526Z",
        "album_type": 5,
        "owner": [
            "+17146032364"
        ],
        "description": "No desc",
        "modified": "2015-04-07T17:09:29.245Z",
        "status": 1
    },
    "pk": 4,
    "model": "core.album"
},
{
    "fields": {
        "name": "An album for A new day has come",
        "event": 3,
        "created": "2015-04-06T23:10:43.858Z",
        "album_type": 5,
        "owner": [
            "+17146032364"
        ],
        "description": "No description",
        "modified": "2015-04-07T17:08:52.782Z",
        "status": 1
    },
    "pk": 5,
    "model": "core.album"
},
{
    "fields": {
        "name": "A non event album",
        "event": null,
        "created": "2015-04-06T23:48:54.370Z",
        "album_type": 0,
        "owner": [
            "+17146032364"
        ],
        "description": "abcd",
        "modified": "2015-04-06T23:48:54.370Z",
        "status": 1
    },
    "pk": 6,
    "model": "core.album"
},
{
    "fields": {
        "name": "Second album for Crazy Event",
        "event": 2,
        "created": "2015-04-07T00:03:59.261Z",
        "album_type": 5,
        "owner": [
            "+17146032364"
        ],
        "description": "Update description keep event intact",
        "modified": "2015-04-08T18:05:49.309Z",
        "status": 1
    },
    "pk": 7,
    "model": "core.album"
},
{
    "fields": {
        "name": "Brand new eventAlbum",
        "event": 4,
        "created": "2015-04-07T00:22:44.511Z",
        "album_type": 5,
        "owner": [
            "+17146032364"
        ],
        "description": "Default Album for Event",
        "modified": "2015-04-07T00:22:44.722Z",
        "status": 1
    },
    "pk": 8,
    "model": "core.album"
},
{
    "fields": {
        "name": "Party on roof Album",
        "event": 5,
        "created": "2015-04-07T17:03:59.490Z",
        "album_type": 5,
        "owner": [
            "+17146032364"
        ],
        "description": "Default Album for Event",
        "modified": "2015-04-07T17:03:59.702Z",
        "status": 1
    },
    "pk": 9,
    "model": "core.album"
},
{
    "fields": {
        "name": "A new day has come Album",
        "event": 3,
        "created": "2015-04-07T21:43:50.731Z",
        "album_type": 5,
        "owner": [
            "+17146032364"
        ],
        "description": "Default Album for Event",
        "modified": "2015-04-07T21:43:50.940Z",
        "status": 1
    },
    "pk": 10,
    "model": "core.album"
},
{
    "fields": {
        "name": "A new day has come updated Album",
        "event": 3,
        "created": "2015-04-07T21:44:41.678Z",
        "album_type": 5,
        "owner": [
            "+17146032364"
        ],
        "description": "Default Album for Event",
        "modified": "2015-04-07T21:44:41.885Z",
        "status": 1
    },
    "pk": 11,
    "model": "core.album"
},
{
    "fields": {
        "name": "Bird watching Album",
        "event": 6,
        "created": "2015-04-07T22:04:24.562Z",
        "album_type": 5,
        "owner": [
            "+17146032364"
        ],
        "description": "Default Album for Event",
        "modified": "2015-04-07T22:04:24.774Z",
        "status": 1
    },
    "pk": 12,
    "model": "core.album"
},
{
    "fields": {
        "name": "End of day Album",
        "event": 7,
        "created": "2015-04-08T22:43:43.222Z",
        "album_type": 5,
        "owner": [
            "+17146032364"
        ],
        "description": "End of day !",
        "modified": "2015-04-08T22:44:25.283Z",
        "status": 1
    },
    "pk": 13,
    "model": "core.album"
},
{
    "fields": {
        "name": "Another Event Album",
        "event": 8,
        "created": "2015-04-08T23:43:07.828Z",
        "album_type": 5,
        "owner": [
            "+17146032364"
        ],
        "description": "Default Album for Event",
        "modified": "2015-04-08T23:43:08.075Z",
        "status": 1
    },
    "pk": 14,
    "model": "core.album"
},
{
    "fields": {
        "name": "I am another custom",
        "event": null,
        "created": "2015-04-09T15:44:30.363Z",
        "album_type": 0,
        "owner": [
            "+16572001110"
        ],
        "description": "Yes, it is me.",
        "modified": "2015-04-18T04:55:18.889Z",
        "status": 1
    },
    "pk": 17,
    "model": "core.album"
},
{
    "fields": {
        "name": "Coachella Album",
        "event": 12,
        "created": "2015-04-10T21:16:10.781Z",
        "album_type": 5,
        "owner": [
            "+17146032364"
        ],
        "description": "Default Album for Event",
        "modified": "2015-04-10T21:16:10.993Z",
        "status": 1
    },
    "pk": 18,
    "model": "core.album"
},
{
    "fields": {
        "name": "Henry's Private Event Album",
        "event": 13,
        "created": "2015-04-15T22:30:13.621Z",
        "album_type": 5,
        "owner": [
            "+17148885070"
        ],
        "description": "Default Album for Event",
        "modified": "2015-04-15T22:30:13.830Z",
        "status": 1
    },
    "pk": 20,
    "model": "core.album"
},
{
    "fields": {
        "name": "All Media",
        "event": null,
        "created": "2015-04-16T18:43:43.645Z",
        "album_type": 11,
        "owner": [
            "+17146032364"
        ],
        "description": "Contains all media",
        "modified": "2015-04-16T18:43:43.645Z",
        "status": 1
    },
    "pk": 24,
    "model": "core.album"
},
{
    "fields": {
        "name": "My final custom album non-event",
        "event": null,
        "created": "2015-04-17T00:02:49.107Z",
        "album_type": 0,
        "owner": [
            "+17148885070"
        ],
        "description": "Yap yap",
        "modified": "2015-04-17T00:02:49.107Z",
        "status": 1
    },
    "pk": 29,
    "model": "core.album"
},
{
    "fields": {
        "name": "A super private event Album",
        "event": 14,
        "created": "2015-04-17T17:36:32.721Z",
        "album_type": 5,
        "owner": [
            "+17148885070"
        ],
        "description": "Default Album for Event",
        "modified": "2015-04-17T17:36:32.928Z",
        "status": 1
    },
    "pk": 48,
    "model": "core.album"
},
{
    "fields": {
        "name": "All Media Album",
        "event": null,
        "created": "2015-04-20T22:41:29.854Z",
        "album_type": 11,
        "owner": [
            "+16575550100"
        ],
        "description": "",
        "modified": "2015-04-20T22:41:29.854Z",
        "status": 1
    },
    "pk": 49,
    "model": "core.album"
},
{
    "fields": {
        "name": "All Media Album",
        "event": null,
        "created": "2015-04-20T22:41:41.004Z",
        "album_type": 11,
        "owner": [
            "+16575550101"
        ],
        "description": "",
        "modified": "2015-04-20T22:41:41.004Z",
        "status": 1
    },
    "pk": 50,
    "model": "core.album"
},
{
    "fields": {
        "name": "All Media Album",
        "event": null,
        "created": "2015-04-20T22:47:26.436Z",
        "album_type": 11,
        "owner": [
            "+16575550102"
        ],
        "description": "",
        "modified": "2015-04-20T22:47:26.436Z",
        "status": 1
    },
    "pk": 51,
    "model": "core.album"
},
{
    "fields": {
        "name": "An event to come Album",
        "event": 15,
        "created": "2015-04-23T16:38:52.291Z",
        "album_type": 5,
        "owner": [
            "+17148885070"
        ],
        "description": "Default Album for Event",
        "modified": "2015-04-23T16:38:52.510Z",
        "status": 1
    },
    "pk": 387,
    "model": "core.album"
},
{
    "fields": {
        "name": "My secret event Album",
        "event": 20,
        "created": "2015-04-27T18:10:06.335Z",
        "album_type": 5,
        "owner": [
            "+17146032364"
        ],
        "description": "Default Album for Event",
        "modified": "2015-04-27T18:10:06.543Z",
        "status": 1
    },
    "pk": 388,
    "model": "core.album"
},
{
    "fields": {
        "name": "My Custom Album 2015-04-28",
        "event": null,
        "created": "2015-04-28T23:11:44.818Z",
        "album_type": 0,
        "owner": [
            "+16575550100"
        ],
        "description": "",
        "modified": "2015-04-28T23:11:44.818Z",
        "status": 1
    },
    "pk": 389,
    "model": "core.album"
},
{
    "fields": {
        "name": "My Custom Album 2015-04-28",
        "event": null,
        "created": "2015-04-28T23:19:33.086Z",
        "album_type": 0,
        "owner": [
            "+16575550100"
        ],
        "description": "",
        "modified": "2015-04-28T23:19:33.086Z",
        "status": 1
    },
    "pk": 391,
    "model": "core.album"
},
{
    "fields": {
        "name": "My Custom Album 2015-04-28",
        "event": null,
        "created": "2015-04-28T23:19:41.745Z",
        "album_type": 0,
        "owner": [
            "+16575550100"
        ],
        "description": "",
        "modified": "2015-04-28T23:19:41.745Z",
        "status": 1
    },
    "pk": 394,
    "model": "core.album"
},
{
    "fields": {
        "name": "My Custom Album 2015-04-28",
        "event": null,
        "created": "2015-04-28T23:34:29.791Z",
        "album_type": 0,
        "owner": [
            "+16575550101"
        ],
        "description": "",
        "modified": "2015-04-28T23:34:29.791Z",
        "status": 1
    },
    "pk": 395,
    "model": "core.album"
},
{
    "fields": {
        "name": "My Custom Album 2015-04-28",
        "event": null,
        "created": "2015-04-28T23:34:30.493Z",
        "album_type": 0,
        "owner": [
            "+16575550101"
        ],
        "description": "",
        "modified": "2015-04-28T23:34:30.493Z",
        "status": 1
    },
    "pk": 396,
    "model": "core.album"
},
{
    "fields": {
        "name": "Christmas Party 6 Album",
        "event": 30,
        "created": "2015-05-14T00:18:50.183Z",
        "album_type": 5,
        "owner": [
            "+17146032364"
        ],
        "description": "Default Album for Event",
        "modified": "2015-05-14T00:18:50.392Z",
        "status": 1
    },
    "pk": 398,
    "model": "core.album"
},
{
    "fields": {
        "size_bytes": 1024,
        "created": "2015-04-11T04:57:05.036Z",
        "size_type": 48,
        "albumfile": 7,
        "width": 48,
        "file_url": "https://eventuremember-dev.s3.amazonaws.com:443/img/2015/04/11/11872149-9c67-47fc-8245-5fe666d073f6_S48.jpeg",
        "modified": "2015-04-11T04:57:05.036Z",
        "height": 31
    },
    "pk": 8,
    "model": "core.thumbnail"
},
{
    "fields": {
        "size_bytes": 2054,
        "created": "2015-04-11T05:02:53.367Z",
        "size_type": 100,
        "albumfile": 7,
        "width": 100,
        "file_url": "https://eventuremember-dev.s3.amazonaws.com:443/img/2015/04/11/11872149-9c67-47fc-8245-5fe666d073f6_S100.jpeg",
        "modified": "2015-04-11T05:02:53.367Z",
        "height": 66
    },
    "pk": 9,
    "model": "core.thumbnail"
},
{
    "fields": {
        "size_bytes": 3030,
        "created": "2015-04-11T05:02:58.267Z",
        "size_type": 144,
        "albumfile": 7,
        "width": 144,
        "file_url": "https://eventuremember-dev.s3.amazonaws.com:443/img/2015/04/11/11872149-9c67-47fc-8245-5fe666d073f6_S144.jpeg",
        "modified": "2015-04-11T05:02:58.267Z",
        "height": 95
    },
    "pk": 10,
    "model": "core.thumbnail"
},
{
    "fields": {
        "size_bytes": 4855,
        "created": "2015-04-11T05:03:07.582Z",
        "size_type": 205,
        "albumfile": 7,
        "width": 205,
        "file_url": "https://eventuremember-dev.s3.amazonaws.com:443/img/2015/04/11/11872149-9c67-47fc-8245-5fe666d073f6_S205.jpeg",
        "modified": "2015-04-11T05:03:07.582Z",
        "height": 136
    },
    "pk": 11,
    "model": "core.thumbnail"
},
{
    "fields": {
        "size_bytes": 9273,
        "created": "2015-04-11T05:03:20.404Z",
        "size_type": 320,
        "albumfile": 7,
        "width": 320,
        "file_url": "https://eventuremember-dev.s3.amazonaws.com:443/img/2015/04/11/11872149-9c67-47fc-8245-5fe666d073f6_S320.jpeg",
        "modified": "2015-04-11T05:03:20.404Z",
        "height": 213
    },
    "pk": 12,
    "model": "core.thumbnail"
},
{
    "fields": {
        "size_bytes": 24241,
        "created": "2015-04-11T05:03:33.891Z",
        "size_type": 610,
        "albumfile": 7,
        "width": 610,
        "file_url": "https://eventuremember-dev.s3.amazonaws.com:443/img/2015/04/11/11872149-9c67-47fc-8245-5fe666d073f6_S610.jpeg",
        "modified": "2015-04-11T05:03:33.891Z",
        "height": 406
    },
    "pk": 13,
    "model": "core.thumbnail"
},
{
    "fields": {
        "size_bytes": 49703,
        "created": "2015-04-11T05:03:43.207Z",
        "size_type": 960,
        "albumfile": 7,
        "width": 960,
        "file_url": "https://eventuremember-dev.s3.amazonaws.com:443/img/2015/04/11/11872149-9c67-47fc-8245-5fe666d073f6_S960.jpeg",
        "modified": "2015-04-11T05:03:43.207Z",
        "height": 639
    },
    "pk": 14,
    "model": "core.thumbnail"
},
{
    "fields": {
        "size_bytes": 2030,
        "created": "2015-04-11T15:30:28.280Z",
        "size_type": 100,
        "albumfile": 9,
        "width": 100,
        "file_url": "https://eventuremember-dev.s3.amazonaws.com:443/img/2015/04/11/67b816be-fe15-44e9-a01d-c8f029cda614_S100.jpeg",
        "modified": "2015-04-11T15:30:28.280Z",
        "height": 66
    },
    "pk": 16,
    "model": "core.thumbnail"
},
{
    "fields": {
        "size_bytes": 3103,
        "created": "2015-04-11T15:30:28.305Z",
        "size_type": 144,
        "albumfile": 9,
        "width": 144,
        "file_url": "https://eventuremember-dev.s3.amazonaws.com:443/img/2015/04/11/67b816be-fe15-44e9-a01d-c8f029cda614_S144.jpeg",
        "modified": "2015-04-11T15:30:28.305Z",
        "height": 96
    },
    "pk": 17,
    "model": "core.thumbnail"
},
{
    "fields": {
        "size_bytes": 5452,
        "created": "2015-04-11T15:30:28.329Z",
        "size_type": 205,
        "albumfile": 9,
        "width": 205,
        "file_url": "https://eventuremember-dev.s3.amazonaws.com:443/img/2015/04/11/67b816be-fe15-44e9-a01d-c8f029cda614_S205.jpeg",
        "modified": "2015-04-11T15:30:28.329Z",
        "height": 136
    },
    "pk": 18,
    "model": "core.thumbnail"
},
{
    "fields": {
        "size_bytes": 11884,
        "created": "2015-04-11T15:30:28.354Z",
        "size_type": 320,
        "albumfile": 9,
        "width": 320,
        "file_url": "https://eventuremember-dev.s3.amazonaws.com:443/img/2015/04/11/67b816be-fe15-44e9-a01d-c8f029cda614_S320.jpeg",
        "modified": "2015-04-11T15:30:28.354Z",
        "height": 213
    },
    "pk": 19,
    "model": "core.thumbnail"
},
{
    "fields": {
        "size_bytes": 981,
        "created": "2015-04-11T15:30:28.363Z",
        "size_type": 48,
        "albumfile": 9,
        "width": 48,
        "file_url": "https://eventuremember-dev.s3.amazonaws.com:443/img/2015/04/11/67b816be-fe15-44e9-a01d-c8f029cda614_S48.jpeg",
        "modified": "2015-04-11T15:30:28.363Z",
        "height": 32
    },
    "pk": 20,
    "model": "core.thumbnail"
},
{
    "fields": {
        "size_bytes": 39138,
        "created": "2015-04-11T15:30:28.545Z",
        "size_type": 610,
        "albumfile": 9,
        "width": 610,
        "file_url": "https://eventuremember-dev.s3.amazonaws.com:443/img/2015/04/11/67b816be-fe15-44e9-a01d-c8f029cda614_S610.jpeg",
        "modified": "2015-04-11T15:30:28.545Z",
        "height": 406
    },
    "pk": 21,
    "model": "core.thumbnail"
},
{
    "fields": {
        "size_bytes": 97716,
        "created": "2015-04-11T15:30:28.730Z",
        "size_type": 960,
        "albumfile": 9,
        "width": 960,
        "file_url": "https://eventuremember-dev.s3.amazonaws.com:443/img/2015/04/11/67b816be-fe15-44e9-a01d-c8f029cda614_S960.jpeg",
        "modified": "2015-04-11T15:30:28.730Z",
        "height": 640
    },
    "pk": 22,
    "model": "core.thumbnail"
},
{
    "fields": {
        "size_bytes": 1924,
        "created": "2015-04-11T15:40:59.224Z",
        "size_type": 100,
        "albumfile": 10,
        "width": 100,
        "file_url": "https://eventuremember-dev.s3.amazonaws.com:443/img/2015/04/11/f85577e7-8e01-44d5-957d-da8440db1f01_S100.jpeg",
        "modified": "2015-04-11T15:40:59.224Z",
        "height": 56
    },
    "pk": 23,
    "model": "core.thumbnail"
},
{
    "fields": {
        "size_bytes": 994,
        "created": "2015-04-11T15:40:59.326Z",
        "size_type": 48,
        "albumfile": 10,
        "width": 48,
        "file_url": "https://eventuremember-dev.s3.amazonaws.com:443/img/2015/04/11/f85577e7-8e01-44d5-957d-da8440db1f01_S48.jpeg",
        "modified": "2015-04-11T15:40:59.326Z",
        "height": 27
    },
    "pk": 24,
    "model": "core.thumbnail"
},
{
    "fields": {
        "size_bytes": 5381,
        "created": "2015-04-11T15:40:59.327Z",
        "size_type": 205,
        "albumfile": 10,
        "width": 205,
        "file_url": "https://eventuremember-dev.s3.amazonaws.com:443/img/2015/04/11/f85577e7-8e01-44d5-957d-da8440db1f01_S205.jpeg",
        "modified": "2015-04-11T15:40:59.327Z",
        "height": 115
    },
    "pk": 25,
    "model": "core.thumbnail"
},
{
    "fields": {
        "size_bytes": 11101,
        "created": "2015-04-11T15:40:59.328Z",
        "size_type": 320,
        "albumfile": 10,
        "width": 320,
        "file_url": "https://eventuremember-dev.s3.amazonaws.com:443/img/2015/04/11/f85577e7-8e01-44d5-957d-da8440db1f01_S320.jpeg",
        "modified": "2015-04-11T15:40:59.328Z",
        "height": 180
    },
    "pk": 26,
    "model": "core.thumbnail"
},
{
    "fields": {
        "size_bytes": 35410,
        "created": "2015-04-11T15:40:59.531Z",
        "size_type": 610,
        "albumfile": 10,
        "width": 610,
        "file_url": "https://eventuremember-dev.s3.amazonaws.com:443/img/2015/04/11/f85577e7-8e01-44d5-957d-da8440db1f01_S610.jpeg",
        "modified": "2015-04-11T15:40:59.531Z",
        "height": 343
    },
    "pk": 27,
    "model": "core.thumbnail"
},
{
    "fields": {
        "size_bytes": 82536,
        "created": "2015-04-11T15:40:59.698Z",
        "size_type": 960,
        "albumfile": 10,
        "width": 960,
        "file_url": "https://eventuremember-dev.s3.amazonaws.com:443/img/2015/04/11/f85577e7-8e01-44d5-957d-da8440db1f01_S960.jpeg",
        "modified": "2015-04-11T15:40:59.698Z",
        "height": 540
    },
    "pk": 28,
    "model": "core.thumbnail"
},
{
    "fields": {
        "size_bytes": 3148,
        "created": "2015-04-11T15:41:01.479Z",
        "size_type": 144,
        "albumfile": 10,
        "width": 144,
        "file_url": "https://eventuremember-dev.s3.amazonaws.com:443/img/2015/04/11/f85577e7-8e01-44d5-957d-da8440db1f01_S144.jpeg",
        "modified": "2015-04-11T15:41:01.479Z",
        "height": 81
    },
    "pk": 29,
    "model": "core.thumbnail"
},
{
    "fields": {
        "size_bytes": 2140,
        "created": "2015-04-11T15:43:12.712Z",
        "size_type": 100,
        "albumfile": 11,
        "width": 100,
        "file_url": "https://eventuremember-dev.s3.amazonaws.com:443/img/2015/04/11/7fb2a32a-eee5-4e12-886a-1f80b086dac6_S100.jpeg",
        "modified": "2015-04-11T15:43:12.712Z",
        "height": 56
    },
    "pk": 30,
    "model": "core.thumbnail"
},
{
    "fields": {
        "size_bytes": 3721,
        "created": "2015-04-11T15:43:12.740Z",
        "size_type": 144,
        "albumfile": 11,
        "width": 144,
        "file_url": "https://eventuremember-dev.s3.amazonaws.com:443/img/2015/04/11/7fb2a32a-eee5-4e12-886a-1f80b086dac6_S144.jpeg",
        "modified": "2015-04-11T15:43:12.740Z",
        "height": 81
    },
    "pk": 31,
    "model": "core.thumbnail"
},
{
    "fields": {
        "size_bytes": 6628,
        "created": "2015-04-11T15:43:12.741Z",
        "size_type": 205,
        "albumfile": 11,
        "width": 205,
        "file_url": "https://eventuremember-dev.s3.amazonaws.com:443/img/2015/04/11/7fb2a32a-eee5-4e12-886a-1f80b086dac6_S205.jpeg",
        "modified": "2015-04-11T15:43:12.741Z",
        "height": 115
    },
    "pk": 32,
    "model": "core.thumbnail"
},
{
    "fields": {
        "size_bytes": 1036,
        "created": "2015-04-11T15:43:12.797Z",
        "size_type": 48,
        "albumfile": 11,
        "width": 48,
        "file_url": "https://eventuremember-dev.s3.amazonaws.com:443/img/2015/04/11/7fb2a32a-eee5-4e12-886a-1f80b086dac6_S48.jpeg",
        "modified": "2015-04-11T15:43:12.797Z",
        "height": 27
    },
    "pk": 33,
    "model": "core.thumbnail"
},
{
    "fields": {
        "size_bytes": 14238,
        "created": "2015-04-11T15:43:12.914Z",
        "size_type": 320,
        "albumfile": 11,
        "width": 320,
        "file_url": "https://eventuremember-dev.s3.amazonaws.com:443/img/2015/04/11/7fb2a32a-eee5-4e12-886a-1f80b086dac6_S320.jpeg",
        "modified": "2015-04-11T15:43:12.914Z",
        "height": 180
    },
    "pk": 34,
    "model": "core.thumbnail"
},
{
    "fields": {
        "size_bytes": 126859,
        "created": "2015-04-11T15:43:13.257Z",
        "size_type": 960,
        "albumfile": 11,
        "width": 960,
        "file_url": "https://eventuremember-dev.s3.amazonaws.com:443/img/2015/04/11/7fb2a32a-eee5-4e12-886a-1f80b086dac6_S960.jpeg",
        "modified": "2015-04-11T15:43:13.257Z",
        "height": 540
    },
    "pk": 35,
    "model": "core.thumbnail"
},
{
    "fields": {
        "size_bytes": 50058,
        "created": "2015-04-11T15:43:13.288Z",
        "size_type": 610,
        "albumfile": 11,
        "width": 610,
        "file_url": "https://eventuremember-dev.s3.amazonaws.com:443/img/2015/04/11/7fb2a32a-eee5-4e12-886a-1f80b086dac6_S610.jpeg",
        "modified": "2015-04-11T15:43:13.288Z",
        "height": 343
    },
    "pk": 36,
    "model": "core.thumbnail"
},
{
    "fields": {
        "size_bytes": 2713,
        "created": "2015-04-11T16:02:02.949Z",
        "size_type": 144,
        "albumfile": 12,
        "width": 144,
        "file_url": "https://eventuremember-dev.s3.amazonaws.com:443/img/2015/04/11/d56f2dd7-3413-4175-8908-2175a5dd637a_S144.jpeg",
        "modified": "2015-04-11T16:02:02.949Z",
        "height": 71
    },
    "pk": 37,
    "model": "core.thumbnail"
},
{
    "fields": {
        "size_bytes": 1794,
        "created": "2015-04-11T16:02:02.959Z",
        "size_type": 100,
        "albumfile": 12,
        "width": 100,
        "file_url": "https://eventuremember-dev.s3.amazonaws.com:443/img/2015/04/11/d56f2dd7-3413-4175-8908-2175a5dd637a_S100.jpeg",
        "modified": "2015-04-11T16:02:02.959Z",
        "height": 49
    },
    "pk": 38,
    "model": "core.thumbnail"
},
{
    "fields": {
        "size_bytes": 4616,
        "created": "2015-04-11T16:02:03.033Z",
        "size_type": 205,
        "albumfile": 12,
        "width": 205,
        "file_url": "https://eventuremember-dev.s3.amazonaws.com:443/img/2015/04/11/d56f2dd7-3413-4175-8908-2175a5dd637a_S205.jpeg",
        "modified": "2015-04-11T16:02:03.033Z",
        "height": 101
    },
    "pk": 39,
    "model": "core.thumbnail"
},
{
    "fields": {
        "size_bytes": 9435,
        "created": "2015-04-11T16:02:03.029Z",
        "size_type": 320,
        "albumfile": 12,
        "width": 320,
        "file_url": "https://eventuremember-dev.s3.amazonaws.com:443/img/2015/04/11/d56f2dd7-3413-4175-8908-2175a5dd637a_S320.jpeg",
        "modified": "2015-04-11T16:02:03.029Z",
        "height": 158
    },
    "pk": 40,
    "model": "core.thumbnail"
},
{
    "fields": {
        "size_bytes": 922,
        "created": "2015-04-11T16:02:03.047Z",
        "size_type": 48,
        "albumfile": 12,
        "width": 48,
        "file_url": "https://eventuremember-dev.s3.amazonaws.com:443/img/2015/04/11/d56f2dd7-3413-4175-8908-2175a5dd637a_S48.jpeg",
        "modified": "2015-04-11T16:02:03.047Z",
        "height": 23
    },
    "pk": 41,
    "model": "core.thumbnail"
},
{
    "fields": {
        "size_bytes": 29546,
        "created": "2015-04-11T16:02:03.132Z",
        "size_type": 610,
        "albumfile": 12,
        "width": 610,
        "file_url": "https://eventuremember-dev.s3.amazonaws.com:443/img/2015/04/11/d56f2dd7-3413-4175-8908-2175a5dd637a_S610.jpeg",
        "modified": "2015-04-11T16:02:03.132Z",
        "height": 301
    },
    "pk": 42,
    "model": "core.thumbnail"
},
{
    "fields": {
        "size_bytes": 67625,
        "created": "2015-04-11T16:02:03.292Z",
        "size_type": 960,
        "albumfile": 12,
        "width": 960,
        "file_url": "https://eventuremember-dev.s3.amazonaws.com:443/img/2015/04/11/d56f2dd7-3413-4175-8908-2175a5dd637a_S960.jpeg",
        "modified": "2015-04-11T16:02:03.293Z",
        "height": 474
    },
    "pk": 43,
    "model": "core.thumbnail"
},
{
    "fields": {
        "size_bytes": 2092,
        "created": "2015-04-13T17:09:54.321Z",
        "size_type": 100,
        "albumfile": 13,
        "width": 58,
        "file_url": "https://eventuremember-dev.s3.amazonaws.com:443/img/2015/04/13/97b688bd-2311-4f7d-9ab7-57230f2c32c5_S100.jpeg",
        "modified": "2015-04-13T17:09:54.321Z",
        "height": 100
    },
    "pk": 44,
    "model": "core.thumbnail"
},
{
    "fields": {
        "size_bytes": 3263,
        "created": "2015-04-13T17:09:54.320Z",
        "size_type": 144,
        "albumfile": 13,
        "width": 83,
        "file_url": "https://eventuremember-dev.s3.amazonaws.com:443/img/2015/04/13/97b688bd-2311-4f7d-9ab7-57230f2c32c5_S144.jpeg",
        "modified": "2015-04-13T17:09:54.321Z",
        "height": 144
    },
    "pk": 45,
    "model": "core.thumbnail"
},
{
    "fields": {
        "size_bytes": 1081,
        "created": "2015-04-13T17:09:54.390Z",
        "size_type": 48,
        "albumfile": 13,
        "width": 28,
        "file_url": "https://eventuremember-dev.s3.amazonaws.com:443/img/2015/04/13/97b688bd-2311-4f7d-9ab7-57230f2c32c5_S48.jpeg",
        "modified": "2015-04-13T17:09:54.390Z",
        "height": 48
    },
    "pk": 46,
    "model": "core.thumbnail"
},
{
    "fields": {
        "size_bytes": 5411,
        "created": "2015-04-13T17:09:54.689Z",
        "size_type": 205,
        "albumfile": 13,
        "width": 118,
        "file_url": "https://eventuremember-dev.s3.amazonaws.com:443/img/2015/04/13/97b688bd-2311-4f7d-9ab7-57230f2c32c5_S205.jpeg",
        "modified": "2015-04-13T17:09:54.689Z",
        "height": 205
    },
    "pk": 47,
    "model": "core.thumbnail"
},
{
    "fields": {
        "size_bytes": 9281,
        "created": "2015-04-13T17:09:55.845Z",
        "size_type": 320,
        "albumfile": 13,
        "width": 171,
        "file_url": "https://eventuremember-dev.s3.amazonaws.com:443/img/2015/04/13/97b688bd-2311-4f7d-9ab7-57230f2c32c5_S320.jpeg",
        "modified": "2015-04-13T17:09:55.845Z",
        "height": 295
    },
    "pk": 48,
    "model": "core.thumbnail"
},
{
    "fields": {
        "size_bytes": 9281,
        "created": "2015-04-13T17:09:55.847Z",
        "size_type": 610,
        "albumfile": 13,
        "width": 171,
        "file_url": "https://eventuremember-dev.s3.amazonaws.com:443/img/2015/04/13/97b688bd-2311-4f7d-9ab7-57230f2c32c5_S610.jpeg",
        "modified": "2015-04-13T17:09:55.847Z",
        "height": 295
    },
    "pk": 49,
    "model": "core.thumbnail"
},
{
    "fields": {
        "size_bytes": 9281,
        "created": "2015-04-13T17:09:55.895Z",
        "size_type": 960,
        "albumfile": 13,
        "width": 171,
        "file_url": "https://eventuremember-dev.s3.amazonaws.com:443/img/2015/04/13/97b688bd-2311-4f7d-9ab7-57230f2c32c5_S960.jpeg",
        "modified": "2015-04-13T17:09:55.895Z",
        "height": 295
    },
    "pk": 50,
    "model": "core.thumbnail"
},
{
    "fields": {
        "size_bytes": 3466,
        "created": "2015-04-13T17:13:00.450Z",
        "size_type": 144,
        "albumfile": 14,
        "width": 144,
        "file_url": "https://eventuremember-dev.s3.amazonaws.com:443/img/2015/04/13/e4f6c67b-0ddd-4e88-9ab8-3d09f1008629_S144.jpeg",
        "modified": "2015-04-13T17:13:00.450Z",
        "height": 81
    },
    "pk": 51,
    "model": "core.thumbnail"
},
{
    "fields": {
        "size_bytes": 2147,
        "created": "2015-04-13T17:13:00.451Z",
        "size_type": 100,
        "albumfile": 14,
        "width": 100,
        "file_url": "https://eventuremember-dev.s3.amazonaws.com:443/img/2015/04/13/e4f6c67b-0ddd-4e88-9ab8-3d09f1008629_S100.jpeg",
        "modified": "2015-04-13T17:13:00.451Z",
        "height": 56
    },
    "pk": 52,
    "model": "core.thumbnail"
},
{
    "fields": {
        "size_bytes": 1081,
        "created": "2015-04-13T17:13:00.515Z",
        "size_type": 48,
        "albumfile": 14,
        "width": 48,
        "file_url": "https://eventuremember-dev.s3.amazonaws.com:443/img/2015/04/13/e4f6c67b-0ddd-4e88-9ab8-3d09f1008629_S48.jpeg",
        "modified": "2015-04-13T17:13:00.515Z",
        "height": 27
    },
    "pk": 53,
    "model": "core.thumbnail"
},
{
    "fields": {
        "size_bytes": 12851,
        "created": "2015-04-13T17:13:02.114Z",
        "size_type": 320,
        "albumfile": 14,
        "width": 320,
        "file_url": "https://eventuremember-dev.s3.amazonaws.com:443/img/2015/04/13/e4f6c67b-0ddd-4e88-9ab8-3d09f1008629_S320.jpeg",
        "modified": "2015-04-13T17:13:02.114Z",
        "height": 180
    },
    "pk": 54,
    "model": "core.thumbnail"
},
{
    "fields": {
        "size_bytes": 5889,
        "created": "2015-04-13T17:13:02.174Z",
        "size_type": 205,
        "albumfile": 14,
        "width": 205,
        "file_url": "https://eventuremember-dev.s3.amazonaws.com:443/img/2015/04/13/e4f6c67b-0ddd-4e88-9ab8-3d09f1008629_S205.jpeg",
        "modified": "2015-04-13T17:13:02.174Z",
        "height": 115
    },
    "pk": 55,
    "model": "core.thumbnail"
},
{
    "fields": {
        "size_bytes": 42638,
        "created": "2015-04-13T17:13:02.460Z",
        "size_type": 610,
        "albumfile": 14,
        "width": 610,
        "file_url": "https://eventuremember-dev.s3.amazonaws.com:443/img/2015/04/13/e4f6c67b-0ddd-4e88-9ab8-3d09f1008629_S610.jpeg",
        "modified": "2015-04-13T17:13:02.460Z",
        "height": 343
    },
    "pk": 56,
    "model": "core.thumbnail"
},
{
    "fields": {
        "size_bytes": 108980,
        "created": "2015-04-13T17:13:02.495Z",
        "size_type": 960,
        "albumfile": 14,
        "width": 960,
        "file_url": "https://eventuremember-dev.s3.amazonaws.com:443/img/2015/04/13/e4f6c67b-0ddd-4e88-9ab8-3d09f1008629_S960.jpeg",
        "modified": "2015-04-13T17:13:02.495Z",
        "height": 540
    },
    "pk": 57,
    "model": "core.thumbnail"
},
{
    "fields": {
        "size_bytes": 2144,
        "created": "2015-04-13T17:16:53.968Z",
        "size_type": 100,
        "albumfile": 15,
        "width": 100,
        "file_url": "https://eventuremember-dev.s3.amazonaws.com:443/img/2015/04/13/3f1497de-d48b-4620-8568-2dc6da34b498_S100.jpeg",
        "modified": "2015-04-13T17:16:53.968Z",
        "height": 56
    },
    "pk": 58,
    "model": "core.thumbnail"
},
{
    "fields": {
        "size_bytes": 3432,
        "created": "2015-04-13T17:16:53.982Z",
        "size_type": 144,
        "albumfile": 15,
        "width": 144,
        "file_url": "https://eventuremember-dev.s3.amazonaws.com:443/img/2015/04/13/3f1497de-d48b-4620-8568-2dc6da34b498_S144.jpeg",
        "modified": "2015-04-13T17:16:53.982Z",
        "height": 81
    },
    "pk": 59,
    "model": "core.thumbnail"
},
{
    "fields": {
        "size_bytes": 1081,
        "created": "2015-04-13T17:16:54.306Z",
        "size_type": 48,
        "albumfile": 15,
        "width": 48,
        "file_url": "https://eventuremember-dev.s3.amazonaws.com:443/img/2015/04/13/3f1497de-d48b-4620-8568-2dc6da34b498_S48.jpeg",
        "modified": "2015-04-13T17:16:54.306Z",
        "height": 27
    },
    "pk": 60,
    "model": "core.thumbnail"
},
{
    "fields": {
        "size_bytes": 13744,
        "created": "2015-04-13T17:16:55.625Z",
        "size_type": 320,
        "albumfile": 15,
        "width": 320,
        "file_url": "https://eventuremember-dev.s3.amazonaws.com:443/img/2015/04/13/3f1497de-d48b-4620-8568-2dc6da34b498_S320.jpeg",
        "modified": "2015-04-13T17:16:55.625Z",
        "height": 180
    },
    "pk": 61,
    "model": "core.thumbnail"
},
{
    "fields": {
        "size_bytes": 43865,
        "created": "2015-04-13T17:16:55.764Z",
        "size_type": 610,
        "albumfile": 15,
        "width": 610,
        "file_url": "https://eventuremember-dev.s3.amazonaws.com:443/img/2015/04/13/3f1497de-d48b-4620-8568-2dc6da34b498_S610.jpeg",
        "modified": "2015-04-13T17:16:55.764Z",
        "height": 343
    },
    "pk": 62,
    "model": "core.thumbnail"
},
{
    "fields": {
        "size_bytes": 6092,
        "created": "2015-04-13T17:16:55.888Z",
        "size_type": 205,
        "albumfile": 15,
        "width": 205,
        "file_url": "https://eventuremember-dev.s3.amazonaws.com:443/img/2015/04/13/3f1497de-d48b-4620-8568-2dc6da34b498_S205.jpeg",
        "modified": "2015-04-13T17:16:55.888Z",
        "height": 115
    },
    "pk": 63,
    "model": "core.thumbnail"
},
{
    "fields": {
        "size_bytes": 105921,
        "created": "2015-04-13T17:16:56.243Z",
        "size_type": 960,
        "albumfile": 15,
        "width": 960,
        "file_url": "https://eventuremember-dev.s3.amazonaws.com:443/img/2015/04/13/3f1497de-d48b-4620-8568-2dc6da34b498_S960.jpeg",
        "modified": "2015-04-13T17:16:56.243Z",
        "height": 540
    },
    "pk": 64,
    "model": "core.thumbnail"
},
{
    "fields": {
        "size_bytes": 2152,
        "created": "2015-04-13T17:19:13.548Z",
        "size_type": 100,
        "albumfile": 16,
        "width": 100,
        "file_url": "https://eventuremember-dev.s3.amazonaws.com:443/img/2015/04/13/2cf2b129-a8dd-4c74-9945-dd7a16935f1e_S100.jpeg",
        "modified": "2015-04-13T17:19:13.548Z",
        "height": 56
    },
    "pk": 65,
    "model": "core.thumbnail"
},
{
    "fields": {
        "size_bytes": 1082,
        "created": "2015-04-13T17:19:13.619Z",
        "size_type": 48,
        "albumfile": 16,
        "width": 48,
        "file_url": "https://eventuremember-dev.s3.amazonaws.com:443/img/2015/04/13/2cf2b129-a8dd-4c74-9945-dd7a16935f1e_S48.jpeg",
        "modified": "2015-04-13T17:19:13.619Z",
        "height": 27
    },
    "pk": 66,
    "model": "core.thumbnail"
},
{
    "fields": {
        "size_bytes": 5956,
        "created": "2015-04-13T17:19:13.850Z",
        "size_type": 205,
        "albumfile": 16,
        "width": 205,
        "file_url": "https://eventuremember-dev.s3.amazonaws.com:443/img/2015/04/13/2cf2b129-a8dd-4c74-9945-dd7a16935f1e_S205.jpeg",
        "modified": "2015-04-13T17:19:13.850Z",
        "height": 115
    },
    "pk": 67,
    "model": "core.thumbnail"
},
{
    "fields": {
        "size_bytes": 3476,
        "created": "2015-04-13T17:19:15.371Z",
        "size_type": 144,
        "albumfile": 16,
        "width": 144,
        "file_url": "https://eventuremember-dev.s3.amazonaws.com:443/img/2015/04/13/2cf2b129-a8dd-4c74-9945-dd7a16935f1e_S144.jpeg",
        "modified": "2015-04-13T17:19:15.371Z",
        "height": 81
    },
    "pk": 68,
    "model": "core.thumbnail"
},
{
    "fields": {
        "size_bytes": 41017,
        "created": "2015-04-13T17:19:15.543Z",
        "size_type": 610,
        "albumfile": 16,
        "width": 610,
        "file_url": "https://eventuremember-dev.s3.amazonaws.com:443/img/2015/04/13/2cf2b129-a8dd-4c74-9945-dd7a16935f1e_S610.jpeg",
        "modified": "2015-04-13T17:19:15.543Z",
        "height": 343
    },
    "pk": 69,
    "model": "core.thumbnail"
},
{
    "fields": {
        "size_bytes": 98179,
        "created": "2015-04-13T17:19:16.155Z",
        "size_type": 960,
        "albumfile": 16,
        "width": 960,
        "file_url": "https://eventuremember-dev.s3.amazonaws.com:443/img/2015/04/13/2cf2b129-a8dd-4c74-9945-dd7a16935f1e_S960.jpeg",
        "modified": "2015-04-13T17:19:16.155Z",
        "height": 540
    },
    "pk": 70,
    "model": "core.thumbnail"
},
{
    "fields": {
        "size_bytes": 13073,
        "created": "2015-04-13T17:19:17.209Z",
        "size_type": 320,
        "albumfile": 16,
        "width": 320,
        "file_url": "https://eventuremember-dev.s3.amazonaws.com:443/img/2015/04/13/2cf2b129-a8dd-4c74-9945-dd7a16935f1e_S320.jpeg",
        "modified": "2015-04-13T17:19:17.209Z",
        "height": 180
    },
    "pk": 71,
    "model": "core.thumbnail"
},
{
    "fields": {
        "size_bytes": 1674,
        "created": "2015-04-13T17:22:49.015Z",
        "size_type": 100,
        "albumfile": 17,
        "width": 100,
        "file_url": "https://eventuremember-dev.s3.amazonaws.com:443/img/2015/04/13/63ced4df-e634-4930-b25a-5bcd2b543bf3_S100.jpeg",
        "modified": "2015-04-13T17:22:49.015Z",
        "height": 56
    },
    "pk": 72,
    "model": "core.thumbnail"
},
{
    "fields": {
        "size_bytes": 2382,
        "created": "2015-04-13T17:22:49.017Z",
        "size_type": 144,
        "albumfile": 17,
        "width": 144,
        "file_url": "https://eventuremember-dev.s3.amazonaws.com:443/img/2015/04/13/63ced4df-e634-4930-b25a-5bcd2b543bf3_S144.jpeg",
        "modified": "2015-04-13T17:22:49.018Z",
        "height": 81
    },
    "pk": 73,
    "model": "core.thumbnail"
},
{
    "fields": {
        "size_bytes": 949,
        "created": "2015-04-13T17:22:49.020Z",
        "size_type": 48,
        "albumfile": 17,
        "width": 48,
        "file_url": "https://eventuremember-dev.s3.amazonaws.com:443/img/2015/04/13/63ced4df-e634-4930-b25a-5bcd2b543bf3_S48.jpeg",
        "modified": "2015-04-13T17:22:49.020Z",
        "height": 27
    },
    "pk": 74,
    "model": "core.thumbnail"
},
{
    "fields": {
        "size_bytes": 3675,
        "created": "2015-04-13T17:22:49.511Z",
        "size_type": 205,
        "albumfile": 17,
        "width": 205,
        "file_url": "https://eventuremember-dev.s3.amazonaws.com:443/img/2015/04/13/63ced4df-e634-4930-b25a-5bcd2b543bf3_S205.jpeg",
        "modified": "2015-04-13T17:22:49.511Z",
        "height": 115
    },
    "pk": 75,
    "model": "core.thumbnail"
},
{
    "fields": {
        "size_bytes": 6733,
        "created": "2015-04-13T17:22:50.696Z",
        "size_type": 320,
        "albumfile": 17,
        "width": 320,
        "file_url": "https://eventuremember-dev.s3.amazonaws.com:443/img/2015/04/13/63ced4df-e634-4930-b25a-5bcd2b543bf3_S320.jpeg",
        "modified": "2015-04-13T17:22:50.696Z",
        "height": 180
    },
    "pk": 76,
    "model": "core.thumbnail"
},
{
    "fields": {
        "size_bytes": 36409,
        "created": "2015-04-13T17:22:50.886Z",
        "size_type": 960,
        "albumfile": 17,
        "width": 960,
        "file_url": "https://eventuremember-dev.s3.amazonaws.com:443/img/2015/04/13/63ced4df-e634-4930-b25a-5bcd2b543bf3_S960.jpeg",
        "modified": "2015-04-13T17:22:50.886Z",
        "height": 540
    },
    "pk": 77,
    "model": "core.thumbnail"
},
{
    "fields": {
        "size_bytes": 17505,
        "created": "2015-04-13T17:22:51.166Z",
        "size_type": 610,
        "albumfile": 17,
        "width": 610,
        "file_url": "https://eventuremember-dev.s3.amazonaws.com:443/img/2015/04/13/63ced4df-e634-4930-b25a-5bcd2b543bf3_S610.jpeg",
        "modified": "2015-04-13T17:22:51.166Z",
        "height": 343
    },
    "pk": 78,
    "model": "core.thumbnail"
},
{
    "fields": {
        "size_bytes": 2008,
        "created": "2015-04-13T20:54:02.246Z",
        "size_type": 100,
        "albumfile": 18,
        "width": 100,
        "file_url": "https://eventuremember-dev.s3.amazonaws.com:443/img/2015/04/13/d9a98178-8671-4c71-90ba-3dbf6feebaa9_S100.jpeg",
        "modified": "2015-04-13T20:54:02.246Z",
        "height": 56
    },
    "pk": 79,
    "model": "core.thumbnail"
},
{
    "fields": {
        "size_bytes": 1050,
        "created": "2015-04-13T20:54:02.283Z",
        "size_type": 48,
        "albumfile": 18,
        "width": 48,
        "file_url": "https://eventuremember-dev.s3.amazonaws.com:443/img/2015/04/13/d9a98178-8671-4c71-90ba-3dbf6feebaa9_S48.jpeg",
        "modified": "2015-04-13T20:54:02.283Z",
        "height": 27
    },
    "pk": 80,
    "model": "core.thumbnail"
},
{
    "fields": {
        "size_bytes": 3275,
        "created": "2015-04-13T20:54:02.286Z",
        "size_type": 144,
        "albumfile": 18,
        "width": 144,
        "file_url": "https://eventuremember-dev.s3.amazonaws.com:443/img/2015/04/13/d9a98178-8671-4c71-90ba-3dbf6feebaa9_S144.jpeg",
        "modified": "2015-04-13T20:54:02.286Z",
        "height": 81
    },
    "pk": 81,
    "model": "core.thumbnail"
},
{
    "fields": {
        "size_bytes": 5476,
        "created": "2015-04-13T20:54:02.477Z",
        "size_type": 205,
        "albumfile": 18,
        "width": 205,
        "file_url": "https://eventuremember-dev.s3.amazonaws.com:443/img/2015/04/13/d9a98178-8671-4c71-90ba-3dbf6feebaa9_S205.jpeg",
        "modified": "2015-04-13T20:54:02.477Z",
        "height": 115
    },
    "pk": 82,
    "model": "core.thumbnail"
},
{
    "fields": {
        "size_bytes": 11526,
        "created": "2015-04-13T20:54:04.112Z",
        "size_type": 320,
        "albumfile": 18,
        "width": 320,
        "file_url": "https://eventuremember-dev.s3.amazonaws.com:443/img/2015/04/13/d9a98178-8671-4c71-90ba-3dbf6feebaa9_S320.jpeg",
        "modified": "2015-04-13T20:54:04.112Z",
        "height": 180
    },
    "pk": 83,
    "model": "core.thumbnail"
},
{
    "fields": {
        "size_bytes": 36548,
        "created": "2015-04-13T20:54:04.370Z",
        "size_type": 610,
        "albumfile": 18,
        "width": 610,
        "file_url": "https://eventuremember-dev.s3.amazonaws.com:443/img/2015/04/13/d9a98178-8671-4c71-90ba-3dbf6feebaa9_S610.jpeg",
        "modified": "2015-04-13T20:54:04.370Z",
        "height": 343
    },
    "pk": 84,
    "model": "core.thumbnail"
},
{
    "fields": {
        "size_bytes": 90816,
        "created": "2015-04-13T20:54:04.446Z",
        "size_type": 960,
        "albumfile": 18,
        "width": 960,
        "file_url": "https://eventuremember-dev.s3.amazonaws.com:443/img/2015/04/13/d9a98178-8671-4c71-90ba-3dbf6feebaa9_S960.jpeg",
        "modified": "2015-04-13T20:54:04.446Z",
        "height": 540
    },
    "pk": 85,
    "model": "core.thumbnail"
},
{
    "fields": {
        "size_bytes": 1872,
        "created": "2015-04-13T22:01:55.148Z",
        "size_type": 100,
        "albumfile": 19,
        "width": 100,
        "file_url": "https://eventuremember-dev.s3.amazonaws.com:443/img/2015/04/13/c77bbbbf-e58c-4cab-888b-7da23122c830_S100.jpeg",
        "modified": "2015-04-13T22:01:55.148Z",
        "height": 56
    },
    "pk": 86,
    "model": "core.thumbnail"
},
{
    "fields": {
        "size_bytes": 2916,
        "created": "2015-04-13T22:01:55.148Z",
        "size_type": 144,
        "albumfile": 19,
        "width": 144,
        "file_url": "https://eventuremember-dev.s3.amazonaws.com:443/img/2015/04/13/c77bbbbf-e58c-4cab-888b-7da23122c830_S144.jpeg",
        "modified": "2015-04-13T22:01:55.148Z",
        "height": 81
    },
    "pk": 87,
    "model": "core.thumbnail"
},
{
    "fields": {
        "size_bytes": 995,
        "created": "2015-04-13T22:01:55.413Z",
        "size_type": 48,
        "albumfile": 19,
        "width": 48,
        "file_url": "https://eventuremember-dev.s3.amazonaws.com:443/img/2015/04/13/c77bbbbf-e58c-4cab-888b-7da23122c830_S48.jpeg",
        "modified": "2015-04-13T22:01:55.413Z",
        "height": 27
    },
    "pk": 88,
    "model": "core.thumbnail"
},
{
    "fields": {
        "size_bytes": 10232,
        "created": "2015-04-13T22:01:56.847Z",
        "size_type": 320,
        "albumfile": 19,
        "width": 320,
        "file_url": "https://eventuremember-dev.s3.amazonaws.com:443/img/2015/04/13/c77bbbbf-e58c-4cab-888b-7da23122c830_S320.jpeg",
        "modified": "2015-04-13T22:01:56.847Z",
        "height": 180
    },
    "pk": 89,
    "model": "core.thumbnail"
},
{
    "fields": {
        "size_bytes": 35336,
        "created": "2015-04-13T22:01:57.029Z",
        "size_type": 610,
        "albumfile": 19,
        "width": 610,
        "file_url": "https://eventuremember-dev.s3.amazonaws.com:443/img/2015/04/13/c77bbbbf-e58c-4cab-888b-7da23122c830_S610.jpeg",
        "modified": "2015-04-13T22:01:57.029Z",
        "height": 343
    },
    "pk": 90,
    "model": "core.thumbnail"
},
{
    "fields": {
        "size_bytes": 4830,
        "created": "2015-04-13T22:01:57.064Z",
        "size_type": 205,
        "albumfile": 19,
        "width": 205,
        "file_url": "https://eventuremember-dev.s3.amazonaws.com:443/img/2015/04/13/c77bbbbf-e58c-4cab-888b-7da23122c830_S205.jpeg",
        "modified": "2015-04-13T22:01:57.064Z",
        "height": 115
    },
    "pk": 91,
    "model": "core.thumbnail"
},
{
    "fields": {
        "size_bytes": 97978,
        "created": "2015-04-13T22:01:57.352Z",
        "size_type": 960,
        "albumfile": 19,
        "width": 960,
        "file_url": "https://eventuremember-dev.s3.amazonaws.com:443/img/2015/04/13/c77bbbbf-e58c-4cab-888b-7da23122c830_S960.jpeg",
        "modified": "2015-04-13T22:01:57.352Z",
        "height": 540
    },
    "pk": 92,
    "model": "core.thumbnail"
},
{
    "fields": {
        "size_bytes": 1297,
        "created": "2015-04-13T22:03:24.944Z",
        "size_type": 100,
        "albumfile": 20,
        "width": 100,
        "file_url": "https://eventuremember-dev.s3.amazonaws.com:443/img/2015/04/13/2ae1123c-ca5f-43ba-aa26-e3557a328d68_S100.jpeg",
        "modified": "2015-04-13T22:03:24.944Z",
        "height": 56
    },
    "pk": 93,
    "model": "core.thumbnail"
},
{
    "fields": {
        "size_bytes": 820,
        "created": "2015-04-13T22:03:24.959Z",
        "size_type": 48,
        "albumfile": 20,
        "width": 48,
        "file_url": "https://eventuremember-dev.s3.amazonaws.com:443/img/2015/04/13/2ae1123c-ca5f-43ba-aa26-e3557a328d68_S48.jpeg",
        "modified": "2015-04-13T22:03:24.959Z",
        "height": 27
    },
    "pk": 94,
    "model": "core.thumbnail"
},
{
    "fields": {
        "size_bytes": 3039,
        "created": "2015-04-13T22:03:25.135Z",
        "size_type": 205,
        "albumfile": 20,
        "width": 205,
        "file_url": "https://eventuremember-dev.s3.amazonaws.com:443/img/2015/04/13/2ae1123c-ca5f-43ba-aa26-e3557a328d68_S205.jpeg",
        "modified": "2015-04-13T22:03:25.135Z",
        "height": 115
    },
    "pk": 95,
    "model": "core.thumbnail"
},
{
    "fields": {
        "size_bytes": 1934,
        "created": "2015-04-13T22:03:26.570Z",
        "size_type": 144,
        "albumfile": 20,
        "width": 144,
        "file_url": "https://eventuremember-dev.s3.amazonaws.com:443/img/2015/04/13/2ae1123c-ca5f-43ba-aa26-e3557a328d68_S144.jpeg",
        "modified": "2015-04-13T22:03:26.571Z",
        "height": 81
    },
    "pk": 96,
    "model": "core.thumbnail"
},
{
    "fields": {
        "size_bytes": 6165,
        "created": "2015-04-13T22:03:26.573Z",
        "size_type": 320,
        "albumfile": 20,
        "width": 320,
        "file_url": "https://eventuremember-dev.s3.amazonaws.com:443/img/2015/04/13/2ae1123c-ca5f-43ba-aa26-e3557a328d68_S320.jpeg",
        "modified": "2015-04-13T22:03:26.573Z",
        "height": 180
    },
    "pk": 97,
    "model": "core.thumbnail"
},
{
    "fields": {
        "size_bytes": 18870,
        "created": "2015-04-13T22:03:26.765Z",
        "size_type": 610,
        "albumfile": 20,
        "width": 610,
        "file_url": "https://eventuremember-dev.s3.amazonaws.com:443/img/2015/04/13/2ae1123c-ca5f-43ba-aa26-e3557a328d68_S610.jpeg",
        "modified": "2015-04-13T22:03:26.766Z",
        "height": 343
    },
    "pk": 98,
    "model": "core.thumbnail"
},
{
    "fields": {
        "size_bytes": 43628,
        "created": "2015-04-13T22:03:28.433Z",
        "size_type": 960,
        "albumfile": 20,
        "width": 960,
        "file_url": "https://eventuremember-dev.s3.amazonaws.com:443/img/2015/04/13/2ae1123c-ca5f-43ba-aa26-e3557a328d68_S960.jpeg",
        "modified": "2015-04-13T22:03:28.433Z",
        "height": 540
    },
    "pk": 99,
    "model": "core.thumbnail"
},
{
    "fields": {
        "size_bytes": 2758,
        "created": "2015-04-13T22:12:46.721Z",
        "size_type": 144,
        "albumfile": 21,
        "width": 144,
        "file_url": "https://eventuremember-dev.s3.amazonaws.com:443/img/2015/04/13/30f5fcb8-78d2-4962-9a79-289f213ad16d_S144.jpeg",
        "modified": "2015-04-13T22:12:46.721Z",
        "height": 95
    },
    "pk": 100,
    "model": "core.thumbnail"
},
{
    "fields": {
        "size_bytes": 1042,
        "created": "2015-04-13T22:12:46.747Z",
        "size_type": 48,
        "albumfile": 21,
        "width": 48,
        "file_url": "https://eventuremember-dev.s3.amazonaws.com:443/img/2015/04/13/30f5fcb8-78d2-4962-9a79-289f213ad16d_S48.jpeg",
        "modified": "2015-04-13T22:12:46.747Z",
        "height": 31
    },
    "pk": 101,
    "model": "core.thumbnail"
},
{
    "fields": {
        "size_bytes": 2002,
        "created": "2015-04-13T22:12:47.136Z",
        "size_type": 100,
        "albumfile": 21,
        "width": 100,
        "file_url": "https://eventuremember-dev.s3.amazonaws.com:443/img/2015/04/13/30f5fcb8-78d2-4962-9a79-289f213ad16d_S100.jpeg",
        "modified": "2015-04-13T22:12:47.136Z",
        "height": 66
    },
    "pk": 102,
    "model": "core.thumbnail"
},
{
    "fields": {
        "size_bytes": 3408,
        "created": "2015-04-13T22:12:48.204Z",
        "size_type": 320,
        "albumfile": 21,
        "width": 176,
        "file_url": "https://eventuremember-dev.s3.amazonaws.com:443/img/2015/04/13/30f5fcb8-78d2-4962-9a79-289f213ad16d_S320.jpeg",
        "modified": "2015-04-13T22:12:48.204Z",
        "height": 117
    },
    "pk": 103,
    "model": "core.thumbnail"
},
{
    "fields": {
        "size_bytes": 3408,
        "created": "2015-04-13T22:12:48.249Z",
        "size_type": 610,
        "albumfile": 21,
        "width": 176,
        "file_url": "https://eventuremember-dev.s3.amazonaws.com:443/img/2015/04/13/30f5fcb8-78d2-4962-9a79-289f213ad16d_S610.jpeg",
        "modified": "2015-04-13T22:12:48.249Z",
        "height": 117
    },
    "pk": 104,
    "model": "core.thumbnail"
},
{
    "fields": {
        "size_bytes": 3408,
        "created": "2015-04-13T22:12:48.596Z",
        "size_type": 205,
        "albumfile": 21,
        "width": 176,
        "file_url": "https://eventuremember-dev.s3.amazonaws.com:443/img/2015/04/13/30f5fcb8-78d2-4962-9a79-289f213ad16d_S205.jpeg",
        "modified": "2015-04-13T22:12:48.596Z",
        "height": 117
    },
    "pk": 105,
    "model": "core.thumbnail"
},
{
    "fields": {
        "size_bytes": 3408,
        "created": "2015-04-13T22:12:48.610Z",
        "size_type": 960,
        "albumfile": 21,
        "width": 176,
        "file_url": "https://eventuremember-dev.s3.amazonaws.com:443/img/2015/04/13/30f5fcb8-78d2-4962-9a79-289f213ad16d_S960.jpeg",
        "modified": "2015-04-13T22:12:48.610Z",
        "height": 117
    },
    "pk": 106,
    "model": "core.thumbnail"
},
{
    "fields": {
        "size_bytes": 1357,
        "created": "2015-04-14T16:17:21.639Z",
        "size_type": 100,
        "albumfile": 22,
        "width": 100,
        "file_url": "https://eventuremember-dev.s3.amazonaws.com:443/img/2015/04/14/9a36a4dc-9eba-43d0-8f73-b4abb2a88558_S100.jpeg",
        "modified": "2015-04-14T16:17:21.639Z",
        "height": 56
    },
    "pk": 107,
    "model": "core.thumbnail"
},
{
    "fields": {
        "size_bytes": 814,
        "created": "2015-04-14T16:17:21.703Z",
        "size_type": 48,
        "albumfile": 22,
        "width": 48,
        "file_url": "https://eventuremember-dev.s3.amazonaws.com:443/img/2015/04/14/9a36a4dc-9eba-43d0-8f73-b4abb2a88558_S48.jpeg",
        "modified": "2015-04-14T16:17:21.703Z",
        "height": 27
    },
    "pk": 108,
    "model": "core.thumbnail"
},
{
    "fields": {
        "size_bytes": 3902,
        "created": "2015-04-14T16:17:22.699Z",
        "size_type": 205,
        "albumfile": 22,
        "width": 205,
        "file_url": "https://eventuremember-dev.s3.amazonaws.com:443/img/2015/04/14/9a36a4dc-9eba-43d0-8f73-b4abb2a88558_S205.jpeg",
        "modified": "2015-04-14T16:17:22.699Z",
        "height": 115
    },
    "pk": 109,
    "model": "core.thumbnail"
},
{
    "fields": {
        "size_bytes": 9218,
        "created": "2015-04-14T16:17:23.793Z",
        "size_type": 320,
        "albumfile": 22,
        "width": 320,
        "file_url": "https://eventuremember-dev.s3.amazonaws.com:443/img/2015/04/14/9a36a4dc-9eba-43d0-8f73-b4abb2a88558_S320.jpeg",
        "modified": "2015-04-14T16:17:23.793Z",
        "height": 180
    },
    "pk": 110,
    "model": "core.thumbnail"
},
{
    "fields": {
        "size_bytes": 2192,
        "created": "2015-04-14T16:17:23.830Z",
        "size_type": 144,
        "albumfile": 22,
        "width": 144,
        "file_url": "https://eventuremember-dev.s3.amazonaws.com:443/img/2015/04/14/9a36a4dc-9eba-43d0-8f73-b4abb2a88558_S144.jpeg",
        "modified": "2015-04-14T16:17:23.830Z",
        "height": 81
    },
    "pk": 111,
    "model": "core.thumbnail"
},
{
    "fields": {
        "size_bytes": 35755,
        "created": "2015-04-14T16:17:24.325Z",
        "size_type": 610,
        "albumfile": 22,
        "width": 610,
        "file_url": "https://eventuremember-dev.s3.amazonaws.com:443/img/2015/04/14/9a36a4dc-9eba-43d0-8f73-b4abb2a88558_S610.jpeg",
        "modified": "2015-04-14T16:17:24.325Z",
        "height": 343
    },
    "pk": 112,
    "model": "core.thumbnail"
},
{
    "fields": {
        "size_bytes": 102405,
        "created": "2015-04-14T16:17:26.192Z",
        "size_type": 960,
        "albumfile": 22,
        "width": 960,
        "file_url": "https://eventuremember-dev.s3.amazonaws.com:443/img/2015/04/14/9a36a4dc-9eba-43d0-8f73-b4abb2a88558_S960.jpeg",
        "modified": "2015-04-14T16:17:26.192Z",
        "height": 540
    },
    "pk": 113,
    "model": "core.thumbnail"
},
{
    "fields": {
        "size_bytes": 2297,
        "created": "2015-04-14T16:20:21.526Z",
        "size_type": 100,
        "albumfile": 23,
        "width": 100,
        "file_url": "https://eventuremember-dev.s3.amazonaws.com:443/img/2015/04/14/a8ea928c-12f1-4724-86dc-7f6e03fe4925_S100.jpeg",
        "modified": "2015-04-14T16:20:21.526Z",
        "height": 56
    },
    "pk": 114,
    "model": "core.thumbnail"
},
{
    "fields": {
        "size_bytes": 3903,
        "created": "2015-04-14T16:20:21.828Z",
        "size_type": 144,
        "albumfile": 23,
        "width": 144,
        "file_url": "https://eventuremember-dev.s3.amazonaws.com:443/img/2015/04/14/a8ea928c-12f1-4724-86dc-7f6e03fe4925_S144.jpeg",
        "modified": "2015-04-14T16:20:21.828Z",
        "height": 81
    },
    "pk": 115,
    "model": "core.thumbnail"
},
{
    "fields": {
        "size_bytes": 1063,
        "created": "2015-04-14T16:20:21.896Z",
        "size_type": 48,
        "albumfile": 23,
        "width": 48,
        "file_url": "https://eventuremember-dev.s3.amazonaws.com:443/img/2015/04/14/a8ea928c-12f1-4724-86dc-7f6e03fe4925_S48.jpeg",
        "modified": "2015-04-14T16:20:21.896Z",
        "height": 27
    },
    "pk": 116,
    "model": "core.thumbnail"
},
{
    "fields": {
        "size_bytes": 15400,
        "created": "2015-04-14T16:20:23.301Z",
        "size_type": 320,
        "albumfile": 23,
        "width": 320,
        "file_url": "https://eventuremember-dev.s3.amazonaws.com:443/img/2015/04/14/a8ea928c-12f1-4724-86dc-7f6e03fe4925_S320.jpeg",
        "modified": "2015-04-14T16:20:23.301Z",
        "height": 180
    },
    "pk": 117,
    "model": "core.thumbnail"
},
{
    "fields": {
        "size_bytes": 6909,
        "created": "2015-04-14T16:20:23.629Z",
        "size_type": 205,
        "albumfile": 23,
        "width": 205,
        "file_url": "https://eventuremember-dev.s3.amazonaws.com:443/img/2015/04/14/a8ea928c-12f1-4724-86dc-7f6e03fe4925_S205.jpeg",
        "modified": "2015-04-14T16:20:23.629Z",
        "height": 115
    },
    "pk": 118,
    "model": "core.thumbnail"
},
{
    "fields": {
        "size_bytes": 51769,
        "created": "2015-04-14T16:20:23.702Z",
        "size_type": 610,
        "albumfile": 23,
        "width": 610,
        "file_url": "https://eventuremember-dev.s3.amazonaws.com:443/img/2015/04/14/a8ea928c-12f1-4724-86dc-7f6e03fe4925_S610.jpeg",
        "modified": "2015-04-14T16:20:23.702Z",
        "height": 343
    },
    "pk": 119,
    "model": "core.thumbnail"
},
{
    "fields": {
        "size_bytes": 134358,
        "created": "2015-04-14T16:20:23.899Z",
        "size_type": 960,
        "albumfile": 23,
        "width": 960,
        "file_url": "https://eventuremember-dev.s3.amazonaws.com:443/img/2015/04/14/a8ea928c-12f1-4724-86dc-7f6e03fe4925_S960.jpeg",
        "modified": "2015-04-14T16:20:23.899Z",
        "height": 540
    },
    "pk": 120,
    "model": "core.thumbnail"
},
{
    "fields": {
        "size_bytes": 2307,
        "created": "2015-04-14T16:24:21.333Z",
        "size_type": 100,
        "albumfile": 24,
        "width": 100,
        "file_url": "https://eventuremember-dev.s3.amazonaws.com:443/img/2015/04/14/d5805d8f-6e34-4010-a202-55d8e2454074_S100.jpeg",
        "modified": "2015-04-14T16:24:21.333Z",
        "height": 56
    },
    "pk": 121,
    "model": "core.thumbnail"
},
{
    "fields": {
        "size_bytes": 1064,
        "created": "2015-04-14T16:24:21.351Z",
        "size_type": 48,
        "albumfile": 24,
        "width": 48,
        "file_url": "https://eventuremember-dev.s3.amazonaws.com:443/img/2015/04/14/d5805d8f-6e34-4010-a202-55d8e2454074_S48.jpeg",
        "modified": "2015-04-14T16:24:21.351Z",
        "height": 27
    },
    "pk": 122,
    "model": "core.thumbnail"
},
{
    "fields": {
        "size_bytes": 3942,
        "created": "2015-04-14T16:24:21.456Z",
        "size_type": 144,
        "albumfile": 24,
        "width": 144,
        "file_url": "https://eventuremember-dev.s3.amazonaws.com:443/img/2015/04/14/d5805d8f-6e34-4010-a202-55d8e2454074_S144.jpeg",
        "modified": "2015-04-14T16:24:21.456Z",
        "height": 81
    },
    "pk": 123,
    "model": "core.thumbnail"
},
{
    "fields": {
        "size_bytes": 6948,
        "created": "2015-04-14T16:24:21.623Z",
        "size_type": 205,
        "albumfile": 24,
        "width": 205,
        "file_url": "https://eventuremember-dev.s3.amazonaws.com:443/img/2015/04/14/d5805d8f-6e34-4010-a202-55d8e2454074_S205.jpeg",
        "modified": "2015-04-14T16:24:21.624Z",
        "height": 115
    },
    "pk": 124,
    "model": "core.thumbnail"
},
{
    "fields": {
        "size_bytes": 15799,
        "created": "2015-04-14T16:24:23.158Z",
        "size_type": 320,
        "albumfile": 24,
        "width": 320,
        "file_url": "https://eventuremember-dev.s3.amazonaws.com:443/img/2015/04/14/d5805d8f-6e34-4010-a202-55d8e2454074_S320.jpeg",
        "modified": "2015-04-14T16:24:23.158Z",
        "height": 180
    },
    "pk": 125,
    "model": "core.thumbnail"
},
{
    "fields": {
        "size_bytes": 49779,
        "created": "2015-04-14T16:24:23.372Z",
        "size_type": 610,
        "albumfile": 24,
        "width": 610,
        "file_url": "https://eventuremember-dev.s3.amazonaws.com:443/img/2015/04/14/d5805d8f-6e34-4010-a202-55d8e2454074_S610.jpeg",
        "modified": "2015-04-14T16:24:23.372Z",
        "height": 343
    },
    "pk": 126,
    "model": "core.thumbnail"
},
{
    "fields": {
        "size_bytes": 120496,
        "created": "2015-04-14T16:24:23.667Z",
        "size_type": 960,
        "albumfile": 24,
        "width": 960,
        "file_url": "https://eventuremember-dev.s3.amazonaws.com:443/img/2015/04/14/d5805d8f-6e34-4010-a202-55d8e2454074_S960.jpeg",
        "modified": "2015-04-14T16:24:23.667Z",
        "height": 540
    },
    "pk": 127,
    "model": "core.thumbnail"
},
{
    "fields": {
        "size_bytes": 3025,
        "created": "2015-04-14T16:26:43.021Z",
        "size_type": 144,
        "albumfile": 25,
        "width": 144,
        "file_url": "https://eventuremember-dev.s3.amazonaws.com:443/img/2015/04/14/21d57892-14e8-4a6a-b108-aa60f01fec74_S144.jpeg",
        "modified": "2015-04-14T16:26:43.021Z",
        "height": 139
    },
    "pk": 128,
    "model": "core.thumbnail"
},
{
    "fields": {
        "size_bytes": 1967,
        "created": "2015-04-14T16:26:43.021Z",
        "size_type": 100,
        "albumfile": 25,
        "width": 100,
        "file_url": "https://eventuremember-dev.s3.amazonaws.com:443/img/2015/04/14/21d57892-14e8-4a6a-b108-aa60f01fec74_S100.jpeg",
        "modified": "2015-04-14T16:26:43.021Z",
        "height": 96
    },
    "pk": 129,
    "model": "core.thumbnail"
},
{
    "fields": {
        "size_bytes": 1078,
        "created": "2015-04-14T16:26:43.091Z",
        "size_type": 48,
        "albumfile": 25,
        "width": 48,
        "file_url": "https://eventuremember-dev.s3.amazonaws.com:443/img/2015/04/14/21d57892-14e8-4a6a-b108-aa60f01fec74_S48.jpeg",
        "modified": "2015-04-14T16:26:43.091Z",
        "height": 46
    },
    "pk": 130,
    "model": "core.thumbnail"
},
{
    "fields": {
        "size_bytes": 4855,
        "created": "2015-04-14T16:26:44.593Z",
        "size_type": 205,
        "albumfile": 25,
        "width": 205,
        "file_url": "https://eventuremember-dev.s3.amazonaws.com:443/img/2015/04/14/21d57892-14e8-4a6a-b108-aa60f01fec74_S205.jpeg",
        "modified": "2015-04-14T16:26:44.594Z",
        "height": 198
    },
    "pk": 131,
    "model": "core.thumbnail"
},
{
    "fields": {
        "size_bytes": 9436,
        "created": "2015-04-14T16:26:44.635Z",
        "size_type": 320,
        "albumfile": 25,
        "width": 320,
        "file_url": "https://eventuremember-dev.s3.amazonaws.com:443/img/2015/04/14/21d57892-14e8-4a6a-b108-aa60f01fec74_S320.jpeg",
        "modified": "2015-04-14T16:26:44.635Z",
        "height": 309
    },
    "pk": 132,
    "model": "core.thumbnail"
},
{
    "fields": {
        "size_bytes": 27293,
        "created": "2015-04-14T16:26:44.725Z",
        "size_type": 610,
        "albumfile": 25,
        "width": 610,
        "file_url": "https://eventuremember-dev.s3.amazonaws.com:443/img/2015/04/14/21d57892-14e8-4a6a-b108-aa60f01fec74_S610.jpeg",
        "modified": "2015-04-14T16:26:44.725Z",
        "height": 590
    },
    "pk": 133,
    "model": "core.thumbnail"
},
{
    "fields": {
        "size_bytes": 33910,
        "created": "2015-04-14T16:26:44.835Z",
        "size_type": 960,
        "albumfile": 25,
        "width": 685,
        "file_url": "https://eventuremember-dev.s3.amazonaws.com:443/img/2015/04/14/21d57892-14e8-4a6a-b108-aa60f01fec74_S960.jpeg",
        "modified": "2015-04-14T16:26:44.835Z",
        "height": 663
    },
    "pk": 134,
    "model": "core.thumbnail"
},
{
    "fields": {
        "size_bytes": 1078,
        "created": "2015-04-14T16:27:01.964Z",
        "size_type": 48,
        "albumfile": 26,
        "width": 48,
        "file_url": "https://eventuremember-dev.s3.amazonaws.com:443/img/2015/04/14/2700181c-b6c2-4978-b59f-39ab49790568_S48.jpeg",
        "modified": "2015-04-14T16:27:01.964Z",
        "height": 46
    },
    "pk": 135,
    "model": "core.thumbnail"
},
{
    "fields": {
        "size_bytes": 1967,
        "created": "2015-04-14T16:27:02.199Z",
        "size_type": 100,
        "albumfile": 26,
        "width": 100,
        "file_url": "https://eventuremember-dev.s3.amazonaws.com:443/img/2015/04/14/2700181c-b6c2-4978-b59f-39ab49790568_S100.jpeg",
        "modified": "2015-04-14T16:27:02.199Z",
        "height": 96
    },
    "pk": 136,
    "model": "core.thumbnail"
},
{
    "fields": {
        "size_bytes": 4855,
        "created": "2015-04-14T16:27:02.497Z",
        "size_type": 205,
        "albumfile": 26,
        "width": 205,
        "file_url": "https://eventuremember-dev.s3.amazonaws.com:443/img/2015/04/14/2700181c-b6c2-4978-b59f-39ab49790568_S205.jpeg",
        "modified": "2015-04-14T16:27:02.497Z",
        "height": 198
    },
    "pk": 137,
    "model": "core.thumbnail"
},
{
    "fields": {
        "size_bytes": 9436,
        "created": "2015-04-14T16:27:03.499Z",
        "size_type": 320,
        "albumfile": 26,
        "width": 320,
        "file_url": "https://eventuremember-dev.s3.amazonaws.com:443/img/2015/04/14/2700181c-b6c2-4978-b59f-39ab49790568_S320.jpeg",
        "modified": "2015-04-14T16:27:03.499Z",
        "height": 309
    },
    "pk": 138,
    "model": "core.thumbnail"
},
{
    "fields": {
        "size_bytes": 3025,
        "created": "2015-04-14T16:27:03.705Z",
        "size_type": 144,
        "albumfile": 26,
        "width": 144,
        "file_url": "https://eventuremember-dev.s3.amazonaws.com:443/img/2015/04/14/2700181c-b6c2-4978-b59f-39ab49790568_S144.jpeg",
        "modified": "2015-04-14T16:27:03.706Z",
        "height": 139
    },
    "pk": 139,
    "model": "core.thumbnail"
},
{
    "fields": {
        "size_bytes": 27293,
        "created": "2015-04-14T16:27:03.831Z",
        "size_type": 610,
        "albumfile": 26,
        "width": 610,
        "file_url": "https://eventuremember-dev.s3.amazonaws.com:443/img/2015/04/14/2700181c-b6c2-4978-b59f-39ab49790568_S610.jpeg",
        "modified": "2015-04-14T16:27:03.831Z",
        "height": 590
    },
    "pk": 140,
    "model": "core.thumbnail"
},
{
    "fields": {
        "size_bytes": 33910,
        "created": "2015-04-14T16:27:05.399Z",
        "size_type": 960,
        "albumfile": 26,
        "width": 685,
        "file_url": "https://eventuremember-dev.s3.amazonaws.com:443/img/2015/04/14/2700181c-b6c2-4978-b59f-39ab49790568_S960.jpeg",
        "modified": "2015-04-14T16:27:05.399Z",
        "height": 663
    },
    "pk": 141,
    "model": "core.thumbnail"
},
{
    "fields": {
        "size_bytes": 1967,
        "created": "2015-04-14T16:37:20.193Z",
        "size_type": 100,
        "albumfile": 27,
        "width": 100,
        "file_url": "https://eventuremember-dev.s3.amazonaws.com:443/img/2015/04/14/430422a1-bc6d-40fd-bcf5-bcba61862e47_S100.jpeg",
        "modified": "2015-04-14T16:37:20.193Z",
        "height": 96
    },
    "pk": 142,
    "model": "core.thumbnail"
},
{
    "fields": {
        "size_bytes": 1078,
        "created": "2015-04-14T16:37:20.204Z",
        "size_type": 48,
        "albumfile": 27,
        "width": 48,
        "file_url": "https://eventuremember-dev.s3.amazonaws.com:443/img/2015/04/14/430422a1-bc6d-40fd-bcf5-bcba61862e47_S48.jpeg",
        "modified": "2015-04-14T16:37:20.204Z",
        "height": 46
    },
    "pk": 143,
    "model": "core.thumbnail"
},
{
    "fields": {
        "size_bytes": 4855,
        "created": "2015-04-14T16:37:20.418Z",
        "size_type": 205,
        "albumfile": 27,
        "width": 205,
        "file_url": "https://eventuremember-dev.s3.amazonaws.com:443/img/2015/04/14/430422a1-bc6d-40fd-bcf5-bcba61862e47_S205.jpeg",
        "modified": "2015-04-14T16:37:20.418Z",
        "height": 198
    },
    "pk": 144,
    "model": "core.thumbnail"
},
{
    "fields": {
        "size_bytes": 3025,
        "created": "2015-04-14T16:37:21.712Z",
        "size_type": 144,
        "albumfile": 27,
        "width": 144,
        "file_url": "https://eventuremember-dev.s3.amazonaws.com:443/img/2015/04/14/430422a1-bc6d-40fd-bcf5-bcba61862e47_S144.jpeg",
        "modified": "2015-04-14T16:37:21.712Z",
        "height": 139
    },
    "pk": 145,
    "model": "core.thumbnail"
},
{
    "fields": {
        "size_bytes": 9436,
        "created": "2015-04-14T16:37:21.741Z",
        "size_type": 320,
        "albumfile": 27,
        "width": 320,
        "file_url": "https://eventuremember-dev.s3.amazonaws.com:443/img/2015/04/14/430422a1-bc6d-40fd-bcf5-bcba61862e47_S320.jpeg",
        "modified": "2015-04-14T16:37:21.741Z",
        "height": 309
    },
    "pk": 146,
    "model": "core.thumbnail"
},
{
    "fields": {
        "size_bytes": 27293,
        "created": "2015-04-14T16:37:21.888Z",
        "size_type": 610,
        "albumfile": 27,
        "width": 610,
        "file_url": "https://eventuremember-dev.s3.amazonaws.com:443/img/2015/04/14/430422a1-bc6d-40fd-bcf5-bcba61862e47_S610.jpeg",
        "modified": "2015-04-14T16:37:21.888Z",
        "height": 590
    },
    "pk": 147,
    "model": "core.thumbnail"
},
{
    "fields": {
        "size_bytes": 33910,
        "created": "2015-04-14T16:37:23.482Z",
        "size_type": 960,
        "albumfile": 27,
        "width": 685,
        "file_url": "https://eventuremember-dev.s3.amazonaws.com:443/img/2015/04/14/430422a1-bc6d-40fd-bcf5-bcba61862e47_S960.jpeg",
        "modified": "2015-04-14T16:37:23.482Z",
        "height": 663
    },
    "pk": 148,
    "model": "core.thumbnail"
},
{
    "fields": {
        "size_bytes": 4375,
        "created": "2015-04-15T18:40:59.367Z",
        "size_type": 144,
        "albumfile": 28,
        "width": 99,
        "file_url": "https://eventuremember-dev.s3.amazonaws.com/img/2015/04/15/bb9c6150-59a8-4294-ac63-53e65d36da5a_S144.jpeg",
        "modified": "2015-04-15T18:40:59.367Z",
        "height": 144
    },
    "pk": 163,
    "model": "core.thumbnail"
},
{
    "fields": {
        "size_bytes": 1119,
        "created": "2015-04-15T18:40:59.380Z",
        "size_type": 48,
        "albumfile": 28,
        "width": 33,
        "file_url": "https://eventuremember-dev.s3.amazonaws.com/img/2015/04/15/bb9c6150-59a8-4294-ac63-53e65d36da5a_S48.jpeg",
        "modified": "2015-04-15T18:40:59.380Z",
        "height": 48
    },
    "pk": 164,
    "model": "core.thumbnail"
},
{
    "fields": {
        "size_bytes": 2529,
        "created": "2015-04-15T18:40:59.388Z",
        "size_type": 100,
        "albumfile": 28,
        "width": 69,
        "file_url": "https://eventuremember-dev.s3.amazonaws.com/img/2015/04/15/bb9c6150-59a8-4294-ac63-53e65d36da5a_S100.jpeg",
        "modified": "2015-04-15T18:40:59.388Z",
        "height": 100
    },
    "pk": 165,
    "model": "core.thumbnail"
},
{
    "fields": {
        "size_bytes": 8040,
        "created": "2015-04-15T18:40:59.414Z",
        "size_type": 205,
        "albumfile": 28,
        "width": 141,
        "file_url": "https://eventuremember-dev.s3.amazonaws.com/img/2015/04/15/bb9c6150-59a8-4294-ac63-53e65d36da5a_S205.jpeg",
        "modified": "2015-04-15T18:40:59.414Z",
        "height": 205
    },
    "pk": 166,
    "model": "core.thumbnail"
},
{
    "fields": {
        "size_bytes": 58451,
        "created": "2015-04-15T18:40:59.718Z",
        "size_type": 610,
        "albumfile": 28,
        "width": 421,
        "file_url": "https://eventuremember-dev.s3.amazonaws.com/img/2015/04/15/bb9c6150-59a8-4294-ac63-53e65d36da5a_S610.jpeg",
        "modified": "2015-04-15T18:40:59.718Z",
        "height": 610
    },
    "pk": 167,
    "model": "core.thumbnail"
},
{
    "fields": {
        "size_bytes": 17806,
        "created": "2015-04-15T18:40:59.730Z",
        "size_type": 320,
        "albumfile": 28,
        "width": 221,
        "file_url": "https://eventuremember-dev.s3.amazonaws.com/img/2015/04/15/bb9c6150-59a8-4294-ac63-53e65d36da5a_S320.jpeg",
        "modified": "2015-04-15T18:40:59.730Z",
        "height": 320
    },
    "pk": 168,
    "model": "core.thumbnail"
},
{
    "fields": {
        "size_bytes": 139348,
        "created": "2015-04-15T18:40:59.881Z",
        "size_type": 960,
        "albumfile": 28,
        "width": 663,
        "file_url": "https://eventuremember-dev.s3.amazonaws.com/img/2015/04/15/bb9c6150-59a8-4294-ac63-53e65d36da5a_S960.jpeg",
        "modified": "2015-04-15T18:40:59.881Z",
        "height": 960
    },
    "pk": 169,
    "model": "core.thumbnail"
},
{
    "fields": {
        "size_bytes": 1191,
        "created": "2015-04-15T18:45:08.778Z",
        "size_type": 48,
        "albumfile": 29,
        "width": 48,
        "file_url": "https://eventuremember-dev.s3.amazonaws.com/img/2015/04/15/5963c015-4fc9-4723-b402-37447158e189_S48.jpeg",
        "modified": "2015-04-15T18:45:08.778Z",
        "height": 48
    },
    "pk": 170,
    "model": "core.thumbnail"
},
{
    "fields": {
        "size_bytes": 3057,
        "created": "2015-04-15T18:45:08.785Z",
        "size_type": 100,
        "albumfile": 29,
        "width": 100,
        "file_url": "https://eventuremember-dev.s3.amazonaws.com/img/2015/04/15/5963c015-4fc9-4723-b402-37447158e189_S100.jpeg",
        "modified": "2015-04-15T18:45:08.785Z",
        "height": 100
    },
    "pk": 171,
    "model": "core.thumbnail"
},
{
    "fields": {
        "size_bytes": 8094,
        "created": "2015-04-15T18:45:08.810Z",
        "size_type": 205,
        "albumfile": 29,
        "width": 205,
        "file_url": "https://eventuremember-dev.s3.amazonaws.com/img/2015/04/15/5963c015-4fc9-4723-b402-37447158e189_S205.jpeg",
        "modified": "2015-04-15T18:45:08.810Z",
        "height": 205
    },
    "pk": 172,
    "model": "core.thumbnail"
},
{
    "fields": {
        "size_bytes": 4696,
        "created": "2015-04-15T18:45:08.801Z",
        "size_type": 144,
        "albumfile": 29,
        "width": 144,
        "file_url": "https://eventuremember-dev.s3.amazonaws.com/img/2015/04/15/5963c015-4fc9-4723-b402-37447158e189_S144.jpeg",
        "modified": "2015-04-15T18:45:08.801Z",
        "height": 144
    },
    "pk": 173,
    "model": "core.thumbnail"
},
{
    "fields": {
        "size_bytes": 15795,
        "created": "2015-04-15T18:45:08.942Z",
        "size_type": 320,
        "albumfile": 29,
        "width": 320,
        "file_url": "https://eventuremember-dev.s3.amazonaws.com/img/2015/04/15/5963c015-4fc9-4723-b402-37447158e189_S320.jpeg",
        "modified": "2015-04-15T18:45:08.942Z",
        "height": 320
    },
    "pk": 174,
    "model": "core.thumbnail"
},
{
    "fields": {
        "size_bytes": 42846,
        "created": "2015-04-15T18:45:08.966Z",
        "size_type": 610,
        "albumfile": 29,
        "width": 610,
        "file_url": "https://eventuremember-dev.s3.amazonaws.com/img/2015/04/15/5963c015-4fc9-4723-b402-37447158e189_S610.jpeg",
        "modified": "2015-04-15T18:45:08.966Z",
        "height": 610
    },
    "pk": 175,
    "model": "core.thumbnail"
},
{
    "fields": {
        "size_bytes": 66763,
        "created": "2015-04-15T18:45:08.982Z",
        "size_type": 960,
        "albumfile": 29,
        "width": 800,
        "file_url": "https://eventuremember-dev.s3.amazonaws.com/img/2015/04/15/5963c015-4fc9-4723-b402-37447158e189_S960.jpeg",
        "modified": "2015-04-15T18:45:08.982Z",
        "height": 800
    },
    "pk": 176,
    "model": "core.thumbnail"
},
{
    "fields": {
        "size_bytes": 2858,
        "created": "2015-04-15T23:00:50.060Z",
        "size_type": 100,
        "albumfile": 30,
        "width": 100,
        "file_url": "https://eventuremember-dev.s3.amazonaws.com/img/2015/04/15/0e531048-e88b-4214-9f17-11f06b310d69_S100.jpeg",
        "modified": "2015-04-15T23:00:50.060Z",
        "height": 71
    },
    "pk": 177,
    "model": "core.thumbnail"
},
{
    "fields": {
        "size_bytes": 1233,
        "created": "2015-04-15T23:00:50.062Z",
        "size_type": 48,
        "albumfile": 30,
        "width": 48,
        "file_url": "https://eventuremember-dev.s3.amazonaws.com/img/2015/04/15/0e531048-e88b-4214-9f17-11f06b310d69_S48.jpeg",
        "modified": "2015-04-15T23:00:50.062Z",
        "height": 34
    },
    "pk": 178,
    "model": "core.thumbnail"
},
{
    "fields": {
        "size_bytes": 8473,
        "created": "2015-04-15T23:00:50.080Z",
        "size_type": 205,
        "albumfile": 30,
        "width": 205,
        "file_url": "https://eventuremember-dev.s3.amazonaws.com/img/2015/04/15/0e531048-e88b-4214-9f17-11f06b310d69_S205.jpeg",
        "modified": "2015-04-15T23:00:50.080Z",
        "height": 146
    },
    "pk": 179,
    "model": "core.thumbnail"
},
{
    "fields": {
        "size_bytes": 4775,
        "created": "2015-04-15T23:00:50.080Z",
        "size_type": 144,
        "albumfile": 30,
        "width": 144,
        "file_url": "https://eventuremember-dev.s3.amazonaws.com/img/2015/04/15/0e531048-e88b-4214-9f17-11f06b310d69_S144.jpeg",
        "modified": "2015-04-15T23:00:50.080Z",
        "height": 102
    },
    "pk": 180,
    "model": "core.thumbnail"
},
{
    "fields": {
        "size_bytes": 53194,
        "created": "2015-04-15T23:00:50.436Z",
        "size_type": 610,
        "albumfile": 30,
        "width": 610,
        "file_url": "https://eventuremember-dev.s3.amazonaws.com/img/2015/04/15/0e531048-e88b-4214-9f17-11f06b310d69_S610.jpeg",
        "modified": "2015-04-15T23:00:50.436Z",
        "height": 434
    },
    "pk": 181,
    "model": "core.thumbnail"
},
{
    "fields": {
        "size_bytes": 17398,
        "created": "2015-04-15T23:00:50.448Z",
        "size_type": 320,
        "albumfile": 30,
        "width": 320,
        "file_url": "https://eventuremember-dev.s3.amazonaws.com/img/2015/04/15/0e531048-e88b-4214-9f17-11f06b310d69_S320.jpeg",
        "modified": "2015-04-15T23:00:50.448Z",
        "height": 228
    },
    "pk": 182,
    "model": "core.thumbnail"
},
{
    "fields": {
        "size_bytes": 115883,
        "created": "2015-04-15T23:00:50.453Z",
        "size_type": 960,
        "albumfile": 30,
        "width": 960,
        "file_url": "https://eventuremember-dev.s3.amazonaws.com/img/2015/04/15/0e531048-e88b-4214-9f17-11f06b310d69_S960.jpeg",
        "modified": "2015-04-15T23:00:50.453Z",
        "height": 684
    },
    "pk": 183,
    "model": "core.thumbnail"
},
{
    "fields": {
        "size_bytes": 6615,
        "created": "2015-04-16T20:52:05.658Z",
        "size_type": 205,
        "albumfile": 31,
        "width": 205,
        "file_url": "https://eventuremember-dev.s3.amazonaws.com/img/2015/04/16/615d32c6-3f18-43a6-8d68-a1262dc29053_S205.jpeg",
        "modified": "2015-04-16T20:52:05.658Z",
        "height": 115
    },
    "pk": 184,
    "model": "core.thumbnail"
},
{
    "fields": {
        "size_bytes": 2128,
        "created": "2015-04-16T20:52:05.665Z",
        "size_type": 100,
        "albumfile": 31,
        "width": 100,
        "file_url": "https://eventuremember-dev.s3.amazonaws.com/img/2015/04/16/615d32c6-3f18-43a6-8d68-a1262dc29053_S100.jpeg",
        "modified": "2015-04-16T20:52:05.665Z",
        "height": 56
    },
    "pk": 185,
    "model": "core.thumbnail"
},
{
    "fields": {
        "size_bytes": 3748,
        "created": "2015-04-16T20:52:05.689Z",
        "size_type": 144,
        "albumfile": 31,
        "width": 144,
        "file_url": "https://eventuremember-dev.s3.amazonaws.com/img/2015/04/16/615d32c6-3f18-43a6-8d68-a1262dc29053_S144.jpeg",
        "modified": "2015-04-16T20:52:05.689Z",
        "height": 81
    },
    "pk": 186,
    "model": "core.thumbnail"
},
{
    "fields": {
        "size_bytes": 1033,
        "created": "2015-04-16T20:52:05.743Z",
        "size_type": 48,
        "albumfile": 31,
        "width": 48,
        "file_url": "https://eventuremember-dev.s3.amazonaws.com/img/2015/04/16/615d32c6-3f18-43a6-8d68-a1262dc29053_S48.jpeg",
        "modified": "2015-04-16T20:52:05.743Z",
        "height": 27
    },
    "pk": 187,
    "model": "core.thumbnail"
},
{
    "fields": {
        "size_bytes": 49138,
        "created": "2015-04-16T20:52:06.119Z",
        "size_type": 610,
        "albumfile": 31,
        "width": 610,
        "file_url": "https://eventuremember-dev.s3.amazonaws.com/img/2015/04/16/615d32c6-3f18-43a6-8d68-a1262dc29053_S610.jpeg",
        "modified": "2015-04-16T20:52:06.119Z",
        "height": 343
    },
    "pk": 188,
    "model": "core.thumbnail"
},
{
    "fields": {
        "size_bytes": 14197,
        "created": "2015-04-16T20:52:06.130Z",
        "size_type": 320,
        "albumfile": 31,
        "width": 320,
        "file_url": "https://eventuremember-dev.s3.amazonaws.com/img/2015/04/16/615d32c6-3f18-43a6-8d68-a1262dc29053_S320.jpeg",
        "modified": "2015-04-16T20:52:06.130Z",
        "height": 180
    },
    "pk": 189,
    "model": "core.thumbnail"
},
{
    "fields": {
        "size_bytes": 124163,
        "created": "2015-04-16T20:52:06.338Z",
        "size_type": 960,
        "albumfile": 31,
        "width": 960,
        "file_url": "https://eventuremember-dev.s3.amazonaws.com/img/2015/04/16/615d32c6-3f18-43a6-8d68-a1262dc29053_S960.jpeg",
        "modified": "2015-04-16T20:52:06.338Z",
        "height": 540
    },
    "pk": 190,
    "model": "core.thumbnail"
},
{
    "fields": {
        "size_bytes": 5443,
        "created": "2015-04-16T20:59:25.467Z",
        "size_type": 205,
        "albumfile": 32,
        "width": 205,
        "file_url": "https://eventuremember-dev.s3.amazonaws.com/img/2015/04/16/15192de7-6c51-4e99-bc25-1844f46da539_S205.jpeg",
        "modified": "2015-04-16T20:59:25.467Z",
        "height": 136
    },
    "pk": 191,
    "model": "core.thumbnail"
},
{
    "fields": {
        "size_bytes": 3098,
        "created": "2015-04-16T20:59:25.487Z",
        "size_type": 144,
        "albumfile": 32,
        "width": 144,
        "file_url": "https://eventuremember-dev.s3.amazonaws.com/img/2015/04/16/15192de7-6c51-4e99-bc25-1844f46da539_S144.jpeg",
        "modified": "2015-04-16T20:59:25.487Z",
        "height": 96
    },
    "pk": 192,
    "model": "core.thumbnail"
},
{
    "fields": {
        "size_bytes": 2028,
        "created": "2015-04-16T20:59:25.500Z",
        "size_type": 100,
        "albumfile": 32,
        "width": 100,
        "file_url": "https://eventuremember-dev.s3.amazonaws.com/img/2015/04/16/15192de7-6c51-4e99-bc25-1844f46da539_S100.jpeg",
        "modified": "2015-04-16T20:59:25.500Z",
        "height": 66
    },
    "pk": 193,
    "model": "core.thumbnail"
},
{
    "fields": {
        "size_bytes": 982,
        "created": "2015-04-16T20:59:25.511Z",
        "size_type": 48,
        "albumfile": 32,
        "width": 48,
        "file_url": "https://eventuremember-dev.s3.amazonaws.com/img/2015/04/16/15192de7-6c51-4e99-bc25-1844f46da539_S48.jpeg",
        "modified": "2015-04-16T20:59:25.511Z",
        "height": 32
    },
    "pk": 194,
    "model": "core.thumbnail"
},
{
    "fields": {
        "size_bytes": 11866,
        "created": "2015-04-16T20:59:25.745Z",
        "size_type": 320,
        "albumfile": 32,
        "width": 320,
        "file_url": "https://eventuremember-dev.s3.amazonaws.com/img/2015/04/16/15192de7-6c51-4e99-bc25-1844f46da539_S320.jpeg",
        "modified": "2015-04-16T20:59:25.745Z",
        "height": 213
    },
    "pk": 195,
    "model": "core.thumbnail"
},
{
    "fields": {
        "size_bytes": 39088,
        "created": "2015-04-16T20:59:25.784Z",
        "size_type": 610,
        "albumfile": 32,
        "width": 610,
        "file_url": "https://eventuremember-dev.s3.amazonaws.com/img/2015/04/16/15192de7-6c51-4e99-bc25-1844f46da539_S610.jpeg",
        "modified": "2015-04-16T20:59:25.784Z",
        "height": 406
    },
    "pk": 196,
    "model": "core.thumbnail"
},
{
    "fields": {
        "size_bytes": 95805,
        "created": "2015-04-16T20:59:25.845Z",
        "size_type": 960,
        "albumfile": 32,
        "width": 960,
        "file_url": "https://eventuremember-dev.s3.amazonaws.com/img/2015/04/16/15192de7-6c51-4e99-bc25-1844f46da539_S960.jpeg",
        "modified": "2015-04-16T20:59:25.845Z",
        "height": 640
    },
    "pk": 197,
    "model": "core.thumbnail"
},
{
    "fields": {
        "size_bytes": 5025,
        "created": "2015-04-16T21:56:02.293Z",
        "size_type": 144,
        "albumfile": 33,
        "width": 144,
        "file_url": "https://eventuremember-dev.s3.amazonaws.com:443/img/2015/04/16/03c1cc68-8fa9-4b02-a0c3-3c4353f3a770_S144.jpeg",
        "modified": "2015-04-16T21:56:02.293Z",
        "height": 107
    },
    "pk": 198,
    "model": "core.thumbnail"
},
{
    "fields": {
        "size_bytes": 1247,
        "created": "2015-04-16T21:56:02.302Z",
        "size_type": 48,
        "albumfile": 33,
        "width": 48,
        "file_url": "https://eventuremember-dev.s3.amazonaws.com:443/img/2015/04/16/03c1cc68-8fa9-4b02-a0c3-3c4353f3a770_S48.jpeg",
        "modified": "2015-04-16T21:56:02.302Z",
        "height": 35
    },
    "pk": 199,
    "model": "core.thumbnail"
},
{
    "fields": {
        "size_bytes": 3013,
        "created": "2015-04-16T21:56:02.559Z",
        "size_type": 100,
        "albumfile": 33,
        "width": 100,
        "file_url": "https://eventuremember-dev.s3.amazonaws.com:443/img/2015/04/16/03c1cc68-8fa9-4b02-a0c3-3c4353f3a770_S100.jpeg",
        "modified": "2015-04-16T21:56:02.559Z",
        "height": 74
    },
    "pk": 200,
    "model": "core.thumbnail"
},
{
    "fields": {
        "size_bytes": 13385,
        "created": "2015-04-16T21:56:03.877Z",
        "size_type": 320,
        "albumfile": 33,
        "width": 259,
        "file_url": "https://eventuremember-dev.s3.amazonaws.com:443/img/2015/04/16/03c1cc68-8fa9-4b02-a0c3-3c4353f3a770_S320.jpeg",
        "modified": "2015-04-16T21:56:03.877Z",
        "height": 194
    },
    "pk": 201,
    "model": "core.thumbnail"
},
{
    "fields": {
        "size_bytes": 13385,
        "created": "2015-04-16T21:56:03.929Z",
        "size_type": 610,
        "albumfile": 33,
        "width": 259,
        "file_url": "https://eventuremember-dev.s3.amazonaws.com:443/img/2015/04/16/03c1cc68-8fa9-4b02-a0c3-3c4353f3a770_S610.jpeg",
        "modified": "2015-04-16T21:56:03.929Z",
        "height": 194
    },
    "pk": 202,
    "model": "core.thumbnail"
},
{
    "fields": {
        "size_bytes": 13385,
        "created": "2015-04-16T21:56:04.083Z",
        "size_type": 960,
        "albumfile": 33,
        "width": 259,
        "file_url": "https://eventuremember-dev.s3.amazonaws.com:443/img/2015/04/16/03c1cc68-8fa9-4b02-a0c3-3c4353f3a770_S960.jpeg",
        "modified": "2015-04-16T21:56:04.083Z",
        "height": 194
    },
    "pk": 203,
    "model": "core.thumbnail"
},
{
    "fields": {
        "size_bytes": 8967,
        "created": "2015-04-16T21:56:04.139Z",
        "size_type": 205,
        "albumfile": 33,
        "width": 205,
        "file_url": "https://eventuremember-dev.s3.amazonaws.com:443/img/2015/04/16/03c1cc68-8fa9-4b02-a0c3-3c4353f3a770_S205.jpeg",
        "modified": "2015-04-16T21:56:04.139Z",
        "height": 153
    },
    "pk": 204,
    "model": "core.thumbnail"
},
{
    "fields": {
        "size_bytes": 2758,
        "created": "2015-04-17T17:43:45.895Z",
        "size_type": 144,
        "albumfile": 34,
        "width": 144,
        "file_url": "https://eventuremember-dev.s3.amazonaws.com:443/img/2015/04/17/dccf9cfb-cf5f-4e40-9b44-90a82c110c42_S144.jpeg",
        "modified": "2015-04-17T17:43:45.895Z",
        "height": 95
    },
    "pk": 205,
    "model": "core.thumbnail"
},
{
    "fields": {
        "size_bytes": 2002,
        "created": "2015-04-17T17:43:45.906Z",
        "size_type": 100,
        "albumfile": 34,
        "width": 100,
        "file_url": "https://eventuremember-dev.s3.amazonaws.com:443/img/2015/04/17/dccf9cfb-cf5f-4e40-9b44-90a82c110c42_S100.jpeg",
        "modified": "2015-04-17T17:43:45.906Z",
        "height": 66
    },
    "pk": 206,
    "model": "core.thumbnail"
},
{
    "fields": {
        "size_bytes": 1042,
        "created": "2015-04-17T17:43:46.270Z",
        "size_type": 48,
        "albumfile": 34,
        "width": 48,
        "file_url": "https://eventuremember-dev.s3.amazonaws.com:443/img/2015/04/17/dccf9cfb-cf5f-4e40-9b44-90a82c110c42_S48.jpeg",
        "modified": "2015-04-17T17:43:46.270Z",
        "height": 31
    },
    "pk": 207,
    "model": "core.thumbnail"
},
{
    "fields": {
        "size_bytes": 3408,
        "created": "2015-04-17T17:43:47.382Z",
        "size_type": 610,
        "albumfile": 34,
        "width": 176,
        "file_url": "https://eventuremember-dev.s3.amazonaws.com:443/img/2015/04/17/dccf9cfb-cf5f-4e40-9b44-90a82c110c42_S610.jpeg",
        "modified": "2015-04-17T17:43:47.382Z",
        "height": 117
    },
    "pk": 208,
    "model": "core.thumbnail"
},
{
    "fields": {
        "size_bytes": 3408,
        "created": "2015-04-17T17:43:47.380Z",
        "size_type": 320,
        "albumfile": 34,
        "width": 176,
        "file_url": "https://eventuremember-dev.s3.amazonaws.com:443/img/2015/04/17/dccf9cfb-cf5f-4e40-9b44-90a82c110c42_S320.jpeg",
        "modified": "2015-04-17T17:43:47.380Z",
        "height": 117
    },
    "pk": 209,
    "model": "core.thumbnail"
},
{
    "fields": {
        "size_bytes": 3408,
        "created": "2015-04-17T17:43:47.725Z",
        "size_type": 960,
        "albumfile": 34,
        "width": 176,
        "file_url": "https://eventuremember-dev.s3.amazonaws.com:443/img/2015/04/17/dccf9cfb-cf5f-4e40-9b44-90a82c110c42_S960.jpeg",
        "modified": "2015-04-17T17:43:47.725Z",
        "height": 117
    },
    "pk": 210,
    "model": "core.thumbnail"
},
{
    "fields": {
        "size_bytes": 3408,
        "created": "2015-04-17T17:43:47.750Z",
        "size_type": 205,
        "albumfile": 34,
        "width": 176,
        "file_url": "https://eventuremember-dev.s3.amazonaws.com:443/img/2015/04/17/dccf9cfb-cf5f-4e40-9b44-90a82c110c42_S205.jpeg",
        "modified": "2015-04-17T17:43:47.750Z",
        "height": 117
    },
    "pk": 211,
    "model": "core.thumbnail"
},
{
    "fields": {
        "size_bytes": 2128,
        "created": "2015-04-17T23:05:45.077Z",
        "size_type": 100,
        "albumfile": 35,
        "width": 100,
        "file_url": "https://eventuremember-dev.s3.amazonaws.com/img/2015/04/17/def97bd1-b36e-4a19-a2ce-b861f0294606_S100.jpeg",
        "modified": "2015-04-17T23:05:45.077Z",
        "height": 56
    },
    "pk": 212,
    "model": "core.thumbnail"
},
{
    "fields": {
        "size_bytes": 6615,
        "created": "2015-04-17T23:05:45.087Z",
        "size_type": 205,
        "albumfile": 35,
        "width": 205,
        "file_url": "https://eventuremember-dev.s3.amazonaws.com/img/2015/04/17/def97bd1-b36e-4a19-a2ce-b861f0294606_S205.jpeg",
        "modified": "2015-04-17T23:05:45.087Z",
        "height": 115
    },
    "pk": 213,
    "model": "core.thumbnail"
},
{
    "fields": {
        "size_bytes": 1033,
        "created": "2015-04-17T23:05:45.123Z",
        "size_type": 48,
        "albumfile": 35,
        "width": 48,
        "file_url": "https://eventuremember-dev.s3.amazonaws.com/img/2015/04/17/def97bd1-b36e-4a19-a2ce-b861f0294606_S48.jpeg",
        "modified": "2015-04-17T23:05:45.123Z",
        "height": 27
    },
    "pk": 214,
    "model": "core.thumbnail"
},
{
    "fields": {
        "size_bytes": 3748,
        "created": "2015-04-17T23:05:45.164Z",
        "size_type": 144,
        "albumfile": 35,
        "width": 144,
        "file_url": "https://eventuremember-dev.s3.amazonaws.com/img/2015/04/17/def97bd1-b36e-4a19-a2ce-b861f0294606_S144.jpeg",
        "modified": "2015-04-17T23:05:45.164Z",
        "height": 81
    },
    "pk": 215,
    "model": "core.thumbnail"
},
{
    "fields": {
        "size_bytes": 14197,
        "created": "2015-04-17T23:05:45.483Z",
        "size_type": 320,
        "albumfile": 35,
        "width": 320,
        "file_url": "https://eventuremember-dev.s3.amazonaws.com/img/2015/04/17/def97bd1-b36e-4a19-a2ce-b861f0294606_S320.jpeg",
        "modified": "2015-04-17T23:05:45.483Z",
        "height": 180
    },
    "pk": 216,
    "model": "core.thumbnail"
},
{
    "fields": {
        "size_bytes": 49138,
        "created": "2015-04-17T23:05:45.542Z",
        "size_type": 610,
        "albumfile": 35,
        "width": 610,
        "file_url": "https://eventuremember-dev.s3.amazonaws.com/img/2015/04/17/def97bd1-b36e-4a19-a2ce-b861f0294606_S610.jpeg",
        "modified": "2015-04-17T23:05:45.542Z",
        "height": 343
    },
    "pk": 217,
    "model": "core.thumbnail"
},
{
    "fields": {
        "size_bytes": 124163,
        "created": "2015-04-17T23:05:45.666Z",
        "size_type": 960,
        "albumfile": 35,
        "width": 960,
        "file_url": "https://eventuremember-dev.s3.amazonaws.com/img/2015/04/17/def97bd1-b36e-4a19-a2ce-b861f0294606_S960.jpeg",
        "modified": "2015-04-17T23:05:45.666Z",
        "height": 540
    },
    "pk": 218,
    "model": "core.thumbnail"
},
{
    "fields": {
        "size_bytes": 21558,
        "created": "2015-04-28T18:30:29.940Z",
        "size_type": 144,
        "albumfile": 4781,
        "width": 144,
        "file_url": "https://evtimedia-thumbnail.s3.amazonaws.com/dev/test/Villeneuvette,_Herault_02_S144.jpg",
        "modified": "2015-04-28T22:58:59.199Z",
        "height": 90
    },
    "pk": 33410,
    "model": "core.thumbnail"
},
{
    "fields": {
        "size_bytes": 41420,
        "created": "2015-04-28T18:30:30.603Z",
        "size_type": 205,
        "albumfile": 4781,
        "width": 205,
        "file_url": "https://evtimedia-thumbnail.s3.amazonaws.com/dev/test/Villeneuvette,_Herault_02_S205.jpg",
        "modified": "2015-04-28T22:58:59.412Z",
        "height": 128
    },
    "pk": 33411,
    "model": "core.thumbnail"
},
{
    "fields": {
        "size_bytes": 2931,
        "created": "2015-04-28T18:30:30.956Z",
        "size_type": 48,
        "albumfile": 4781,
        "width": 48,
        "file_url": "https://evtimedia-thumbnail.s3.amazonaws.com/dev/test/Villeneuvette,_Herault_02_S48.jpg",
        "modified": "2015-04-28T22:58:59.623Z",
        "height": 30
    },
    "pk": 33412,
    "model": "core.thumbnail"
},
{
    "fields": {
        "size_bytes": 352326,
        "created": "2015-04-28T18:30:31.315Z",
        "size_type": 610,
        "albumfile": 4781,
        "width": 610,
        "file_url": "https://evtimedia-thumbnail.s3.amazonaws.com/dev/test/Villeneuvette,_Herault_02_S610.jpg",
        "modified": "2015-04-28T22:58:59.833Z",
        "height": 381
    },
    "pk": 33413,
    "model": "core.thumbnail"
},
{
    "fields": {
        "size_bytes": 97789,
        "created": "2015-04-28T18:30:31.668Z",
        "size_type": 320,
        "albumfile": 4781,
        "width": 320,
        "file_url": "https://evtimedia-thumbnail.s3.amazonaws.com/dev/test/Villeneuvette,_Herault_02_S320.jpg",
        "modified": "2015-04-28T22:59:00.045Z",
        "height": 200
    },
    "pk": 33414,
    "model": "core.thumbnail"
},
{
    "fields": {
        "size_bytes": 844143,
        "created": "2015-04-28T18:30:32.020Z",
        "size_type": 960,
        "albumfile": 4781,
        "width": 960,
        "file_url": "https://evtimedia-thumbnail.s3.amazonaws.com/dev/test/Villeneuvette,_Herault_02_S960.jpg",
        "modified": "2015-04-28T22:59:00.276Z",
        "height": 600
    },
    "pk": 33415,
    "model": "core.thumbnail"
},
{
    "fields": {
        "size_bytes": 11046,
        "created": "2015-04-28T18:30:32.379Z",
        "size_type": 100,
        "albumfile": 4781,
        "width": 100,
        "file_url": "https://evtimedia-thumbnail.s3.amazonaws.com/dev/test/Villeneuvette,_Herault_02_S100.jpg",
        "modified": "2015-04-28T22:59:00.488Z",
        "height": 63
    },
    "pk": 33416,
    "model": "core.thumbnail"
},
{
    "fields": {
        "size_bytes": 11164,
        "created": "2015-04-29T18:20:34.060Z",
        "size_type": 144,
        "albumfile": 4786,
        "width": 105,
        "file_url": "https://evtimedia-thumbnail.s3.amazonaws.com/dev/img/2015/04/29/2eb95865-e776-4362-a81a-20517b143957_S144.jpeg",
        "modified": "2015-04-29T20:52:17.243Z",
        "height": 144
    },
    "pk": 33424,
    "model": "core.thumbnail"
},
{
    "fields": {
        "size_bytes": 21057,
        "created": "2015-04-29T18:20:34.264Z",
        "size_type": 205,
        "albumfile": 4786,
        "width": 150,
        "file_url": "https://evtimedia-thumbnail.s3.amazonaws.com/dev/img/2015/04/29/2eb95865-e776-4362-a81a-20517b143957_S205.jpeg",
        "modified": "2015-04-29T20:52:17.453Z",
        "height": 205
    },
    "pk": 33425,
    "model": "core.thumbnail"
},
{
    "fields": {
        "size_bytes": 2078,
        "created": "2015-04-29T18:20:34.467Z",
        "size_type": 48,
        "albumfile": 4786,
        "width": 35,
        "file_url": "https://evtimedia-thumbnail.s3.amazonaws.com/dev/img/2015/04/29/2eb95865-e776-4362-a81a-20517b143957_S48.jpeg",
        "modified": "2015-04-29T20:52:17.660Z",
        "height": 48
    },
    "pk": 33426,
    "model": "core.thumbnail"
},
{
    "fields": {
        "size_bytes": 158751,
        "created": "2015-04-29T18:20:34.671Z",
        "size_type": 610,
        "albumfile": 4786,
        "width": 447,
        "file_url": "https://evtimedia-thumbnail.s3.amazonaws.com/dev/img/2015/04/29/2eb95865-e776-4362-a81a-20517b143957_S610.jpeg",
        "modified": "2015-04-29T20:52:17.866Z",
        "height": 610
    },
    "pk": 33427,
    "model": "core.thumbnail"
},
{
    "fields": {
        "size_bytes": 46840,
        "created": "2015-04-29T18:20:34.873Z",
        "size_type": 320,
        "albumfile": 4786,
        "width": 234,
        "file_url": "https://evtimedia-thumbnail.s3.amazonaws.com/dev/img/2015/04/29/2eb95865-e776-4362-a81a-20517b143957_S320.jpeg",
        "modified": "2015-04-29T20:52:18.076Z",
        "height": 320
    },
    "pk": 33428,
    "model": "core.thumbnail"
},
{
    "fields": {
        "size_bytes": 386574,
        "created": "2015-04-29T18:20:35.084Z",
        "size_type": 960,
        "albumfile": 4786,
        "width": 703,
        "file_url": "https://evtimedia-thumbnail.s3.amazonaws.com/dev/img/2015/04/29/2eb95865-e776-4362-a81a-20517b143957_S960.jpeg",
        "modified": "2015-04-29T20:52:18.288Z",
        "height": 960
    },
    "pk": 33429,
    "model": "core.thumbnail"
},
{
    "fields": {
        "size_bytes": 6338,
        "created": "2015-04-29T18:20:35.286Z",
        "size_type": 100,
        "albumfile": 4786,
        "width": 73,
        "file_url": "https://evtimedia-thumbnail.s3.amazonaws.com/dev/img/2015/04/29/2eb95865-e776-4362-a81a-20517b143957_S100.jpeg",
        "modified": "2015-04-29T20:52:18.496Z",
        "height": 100
    },
    "pk": 33430,
    "model": "core.thumbnail"
},
{
    "fields": {
        "size_bytes": 4761,
        "created": "2015-04-29T18:28:31.116Z",
        "size_type": 144,
        "albumfile": 4787,
        "width": 144,
        "file_url": "https://evtimedia-thumbnail.s3.amazonaws.com/dev/img/2015/04/29/ba31b137-4f28-40c1-a6ce-237329e55f34_S144.jpeg",
        "modified": "2015-04-29T18:28:31.117Z",
        "height": 144
    },
    "pk": 33431,
    "model": "core.thumbnail"
},
{
    "fields": {
        "size_bytes": 8007,
        "created": "2015-04-29T18:28:31.321Z",
        "size_type": 205,
        "albumfile": 4787,
        "width": 205,
        "file_url": "https://evtimedia-thumbnail.s3.amazonaws.com/dev/img/2015/04/29/ba31b137-4f28-40c1-a6ce-237329e55f34_S205.jpeg",
        "modified": "2015-04-29T18:28:31.321Z",
        "height": 205
    },
    "pk": 33432,
    "model": "core.thumbnail"
},
{
    "fields": {
        "size_bytes": 1121,
        "created": "2015-04-29T18:28:31.525Z",
        "size_type": 48,
        "albumfile": 4787,
        "width": 48,
        "file_url": "https://evtimedia-thumbnail.s3.amazonaws.com/dev/img/2015/04/29/ba31b137-4f28-40c1-a6ce-237329e55f34_S48.jpeg",
        "modified": "2015-04-29T18:28:31.525Z",
        "height": 48
    },
    "pk": 33433,
    "model": "core.thumbnail"
},
{
    "fields": {
        "size_bytes": 58488,
        "created": "2015-04-29T18:28:31.727Z",
        "size_type": 610,
        "albumfile": 4787,
        "width": 610,
        "file_url": "https://evtimedia-thumbnail.s3.amazonaws.com/dev/img/2015/04/29/ba31b137-4f28-40c1-a6ce-237329e55f34_S610.jpeg",
        "modified": "2015-04-29T18:28:31.727Z",
        "height": 610
    },
    "pk": 33434,
    "model": "core.thumbnail"
},
{
    "fields": {
        "size_bytes": 15325,
        "created": "2015-04-29T18:28:31.929Z",
        "size_type": 320,
        "albumfile": 4787,
        "width": 320,
        "file_url": "https://evtimedia-thumbnail.s3.amazonaws.com/dev/img/2015/04/29/ba31b137-4f28-40c1-a6ce-237329e55f34_S320.jpeg",
        "modified": "2015-04-29T18:28:31.929Z",
        "height": 320
    },
    "pk": 33435,
    "model": "core.thumbnail"
},
{
    "fields": {
        "size_bytes": 96021,
        "created": "2015-04-29T18:28:32.132Z",
        "size_type": 960,
        "albumfile": 4787,
        "width": 800,
        "file_url": "https://evtimedia-thumbnail.s3.amazonaws.com/dev/img/2015/04/29/ba31b137-4f28-40c1-a6ce-237329e55f34_S960.jpeg",
        "modified": "2015-04-29T18:28:32.132Z",
        "height": 800
    },
    "pk": 33436,
    "model": "core.thumbnail"
},
{
    "fields": {
        "size_bytes": 2894,
        "created": "2015-04-29T18:28:32.335Z",
        "size_type": 100,
        "albumfile": 4787,
        "width": 100,
        "file_url": "https://evtimedia-thumbnail.s3.amazonaws.com/dev/img/2015/04/29/ba31b137-4f28-40c1-a6ce-237329e55f34_S100.jpeg",
        "modified": "2015-04-29T18:28:32.335Z",
        "height": 100
    },
    "pk": 33437,
    "model": "core.thumbnail"
},
{
    "fields": {
        "privacy": 1,
        "location": "217 S Michigan Ave, Pasadena, CA 91106",
        "mpoint": "SRID=4326;POINT (-118.1261365999999953 34.1420743999999985)",
        "end": "2015-07-01T01:01:00Z",
        "created": "2015-04-06T18:38:57.688Z",
        "modified": "2015-04-13T21:30:22.890Z",
        "title": "Crazy Event",
        "start": "2015-06-01T01:00:00Z",
        "lon": -118.1261366,
        "owner": [
            "+17146032364"
        ],
        "lat": 34.1420744
    },
    "pk": 2,
    "model": "core.event"
},
{
    "fields": {
        "privacy": 1,
        "location": "6122 Hazelbrook Ave, Lakewood, CA 90712",
        "mpoint": "SRID=4326;POINT (-118.1389539999999982 33.8665590000000023)",
        "end": "2015-04-14T14:02:00Z",
        "created": "2015-04-06T22:17:01.498Z",
        "modified": "2015-04-13T21:40:40.132Z",
        "title": "A new day has come updated",
        "start": "2015-04-14T14:01:00Z",
        "lon": -118.138954,
        "owner": [
            "+17146032364"
        ],
        "lat": 33.866559
    },
    "pk": 3,
    "model": "core.event"
},
{
    "fields": {
        "privacy": 1,
        "location": "Limestone Canyon Regional Park",
        "mpoint": "SRID=4326;POINT (-117.6786847000000051 33.7235784000000010)",
        "end": "2015-06-03T14:00:00Z",
        "created": "2015-04-07T00:22:44.226Z",
        "modified": "2015-04-13T21:44:14.005Z",
        "title": "Brand new event",
        "start": "2015-06-02T13:00:00Z",
        "lon": -117.6786847,
        "owner": [
            "+17146032364"
        ],
        "lat": 33.7235784
    },
    "pk": 4,
    "model": "core.event"
},
{
    "fields": {
        "privacy": 1,
        "location": "1602-1644 Pearl St, Santa Monica, CA 90405",
        "mpoint": "SRID=4326;POINT (-118.4714493000000033 34.0142641999999995)",
        "end": "2015-06-07T17:20:00Z",
        "created": "2015-04-07T17:03:59.207Z",
        "modified": "2015-04-13T21:45:55.331Z",
        "title": "Party on roof",
        "start": "2015-06-07T17:04:00Z",
        "lon": -118.4714493,
        "owner": [
            "+17146032364"
        ],
        "lat": 34.0142642
    },
    "pk": 5,
    "model": "core.event"
},
{
    "fields": {
        "privacy": 1,
        "location": "1111 S Figueroa St Los Angeles, CA 90015",
        "mpoint": "SRID=4326;POINT (-118.2671179999999964 34.0431250000000034)",
        "end": "2016-01-01T01:01:00Z",
        "created": "2015-04-07T22:04:24.274Z",
        "modified": "2015-04-13T21:45:06.541Z",
        "title": "Bird watching updated",
        "start": "2016-01-01T01:00:00Z",
        "lon": -118.267118,
        "owner": [
            "+17146032364"
        ],
        "lat": 34.043125
    },
    "pk": 6,
    "model": "core.event"
},
{
    "fields": {
        "privacy": 1,
        "location": "Salt Creek Bike Path, Laguna Niguel, CA 92677",
        "mpoint": "SRID=4326;POINT (-117.7075745000000069 33.5060907000000014)",
        "end": "2015-05-01T01:01:00Z",
        "created": "2015-04-08T22:43:42.934Z",
        "modified": "2015-04-13T21:43:24.767Z",
        "title": "End of day",
        "start": "2015-05-01T01:00:00Z",
        "lon": -117.7075745,
        "owner": [
            "+17146032364"
        ],
        "lat": 33.5060907
    },
    "pk": 7,
    "model": "core.event"
},
{
    "fields": {
        "privacy": 1,
        "location": "621 S Clementine St, Anaheim, CA 92805",
        "mpoint": "SRID=4326;POINT (-117.9145970000000005 33.8274430000000024)",
        "end": "2015-05-01T01:01:00Z",
        "created": "2015-04-08T23:43:07.518Z",
        "modified": "2015-04-13T21:42:10.318Z",
        "title": "Another Event",
        "start": "2015-05-01T01:00:00Z",
        "lon": -117.914597,
        "owner": [
            "+17146032364"
        ],
        "lat": 33.827443
    },
    "pk": 8,
    "model": "core.event"
},
{
    "fields": {
        "privacy": 1,
        "location": "3480 Bristol Street, Costa Mesa, CA 92626",
        "mpoint": "SRID=4326;POINT (-117.8853407000000004 33.6938450000000032)",
        "end": "2015-04-15T14:01:00Z",
        "created": "2015-04-10T19:19:57.692Z",
        "modified": "2015-04-10T22:08:19.068Z",
        "title": "Italy vacation",
        "start": "2015-04-13T14:01:00Z",
        "lon": -117.8853407,
        "owner": [
            "+17146032364"
        ],
        "lat": 33.693845
    },
    "pk": 11,
    "model": "core.event"
},
{
    "fields": {
        "privacy": 2,
        "location": "5420 Bristol Street, Costa Mesa, CA",
        "mpoint": "SRID=4326;POINT (-117.8853357999999929 33.6940984000000014)",
        "end": "2015-06-01T13:00:00Z",
        "created": "2015-04-10T21:16:10.461Z",
        "modified": "2015-04-14T21:47:54.985Z",
        "title": "Coachella",
        "start": "2015-06-01T01:00:00Z",
        "lon": -117.8853358,
        "owner": [
            "+17146032364"
        ],
        "lat": 33.6940984
    },
    "pk": 12,
    "model": "core.event"
},
{
    "fields": {
        "privacy": 2,
        "location": "16549 Elm, Fountain Valley CA 92708",
        "mpoint": "SRID=4326;POINT (-117.9661650000000037 33.7224969999999971)",
        "end": "2016-02-02T01:00:00Z",
        "created": "2015-04-15T22:30:13.314Z",
        "modified": "2015-04-15T22:30:13.314Z",
        "title": "Henry's Private Event",
        "start": "2016-02-01T02:00:00Z",
        "lon": -117.966165,
        "owner": [
            "+17148885070"
        ],
        "lat": 33.722497
    },
    "pk": 13,
    "model": "core.event"
},
{
    "fields": {
        "privacy": 2,
        "location": "Pacific Coast Highway, CA",
        "mpoint": "SRID=4326;POINT (-118.3873530000000045 33.8452841000000006)",
        "end": "2016-01-01T13:00:00Z",
        "created": "2015-04-17T17:36:32.392Z",
        "modified": "2015-04-17T17:36:32.392Z",
        "title": "A super private event",
        "start": "2016-01-01T01:00:00Z",
        "lon": -118.387353,
        "owner": [
            "+17148885070"
        ],
        "lat": 33.8452841
    },
    "pk": 14,
    "model": "core.event"
},
{
    "fields": {
        "privacy": 2,
        "location": "3420 Bristol Street, Costa Mesa, CA",
        "mpoint": "SRID=4326;POINT (-117.8850750999999946 33.6939160000000015)",
        "end": "2015-06-01T03:00:00Z",
        "created": "2015-04-23T16:38:51.981Z",
        "modified": "2015-04-23T16:39:19.971Z",
        "title": "An event to come",
        "start": "2015-06-01T02:00:00Z",
        "lon": -117.8850751,
        "owner": [
            "+17148885070"
        ],
        "lat": 33.693916
    },
    "pk": 15,
    "model": "core.event"
},
{
    "fields": {
        "privacy": 2,
        "location": "Yosemite National Park",
        "mpoint": "SRID=4326;POINT (-119.5383293999999950 37.8651010999999968)",
        "end": "2015-06-02T02:01:00Z",
        "created": "2015-04-27T18:10:06.023Z",
        "modified": "2015-05-11T22:13:32.428Z",
        "title": "My superlative secret event in Yosemite 1",
        "start": "2015-06-01T01:59:00Z",
        "lon": -119.5383294,
        "owner": [
            "+17146032364"
        ],
        "lat": 37.8651011
    },
    "pk": 20,
    "model": "core.event"
},
{
    "fields": {
        "privacy": 1,
        "location": null,
        "mpoint": "SRID=4326;POINT (124.7792302000000007 48.2575847999999965)",
        "end": "2015-12-25T01:01:00Z",
        "created": "2015-05-14T00:18:49.665Z",
        "modified": "2015-05-14T00:18:49.665Z",
        "title": "Christmas Party 6",
        "start": "2015-12-25T01:00:00Z",
        "lon": 124.7792302,
        "owner": [
            "+17146032364"
        ],
        "lat": 48.2575848
    },
    "pk": 30,
    "model": "core.event"
},
{
    "fields": {
        "rsvp": 2,
        "guest": [
            "+16572001110"
        ],
        "event": 2,
        "created": "2015-04-09T00:23:20.819Z",
        "modified": "2015-04-09T00:23:20.819Z"
    },
    "pk": 14,
    "model": "core.eventguest"
},
{
    "fields": {
        "rsvp": 1,
        "guest": [
            "+16575550101"
        ],
        "event": 3,
        "created": "2015-04-09T00:32:09.764Z",
        "modified": "2015-04-09T00:32:09.764Z"
    },
    "pk": 16,
    "model": "core.eventguest"
},
{
    "fields": {
        "rsvp": 0,
        "guest": [
            "+16572001110"
        ],
        "event": 3,
        "created": "2015-04-09T17:20:17.694Z",
        "modified": "2015-04-09T17:20:17.694Z"
    },
    "pk": 17,
    "model": "core.eventguest"
},
{
    "fields": {
        "rsvp": 0,
        "guest": [
            "+17146032364"
        ],
        "event": 3,
        "created": "2015-04-09T17:23:36.335Z",
        "modified": "2015-04-09T17:23:36.335Z"
    },
    "pk": 18,
    "model": "core.eventguest"
},
{
    "fields": {
        "rsvp": 1,
        "guest": [
            "+16572001110"
        ],
        "event": 11,
        "created": "2015-04-13T17:37:06.911Z",
        "modified": "2015-04-13T17:37:06.911Z"
    },
    "pk": 19,
    "model": "core.eventguest"
},
{
    "fields": {
        "rsvp": 2,
        "guest": [
            "+16572001110"
        ],
        "event": 12,
        "created": "2015-04-13T19:06:02.304Z",
        "modified": "2015-04-13T19:35:28.899Z"
    },
    "pk": 20,
    "model": "core.eventguest"
},
{
    "fields": {
        "rsvp": 1,
        "guest": [
            "+17146032364"
        ],
        "event": 13,
        "created": "2015-04-15T22:35:40.621Z",
        "modified": "2015-04-15T22:35:40.621Z"
    },
    "pk": 27,
    "model": "core.eventguest"
},
{
    "fields": {
        "rsvp": 0,
        "guest": [
            "+16572001110"
        ],
        "event": 15,
        "created": "2015-04-23T16:39:38.867Z",
        "modified": "2015-04-23T16:39:38.867Z"
    },
    "pk": 28,
    "model": "core.eventguest"
},
{
    "fields": {
        "rsvp": 0,
        "guest": [
            "+17146032364"
        ],
        "event": 15,
        "created": "2015-04-24T16:40:34.809Z",
        "modified": "2015-04-24T16:40:34.809Z"
    },
    "pk": 67,
    "model": "core.eventguest"
},
{
    "fields": {
        "rsvp": 0,
        "guest": [
            "+17148885070"
        ],
        "event": 15,
        "created": "2015-04-24T16:40:35.019Z",
        "modified": "2015-04-24T16:40:35.019Z"
    },
    "pk": 68,
    "model": "core.eventguest"
},
{
    "fields": {
        "rsvp": 3,
        "guest": [
            "+17146032364"
        ],
        "event": 2,
        "created": "2015-04-27T17:37:14.504Z",
        "modified": "2015-04-27T17:37:14.504Z"
    },
    "pk": 88,
    "model": "core.eventguest"
},
{
    "fields": {
        "rsvp": 2,
        "guest": [
            "+16575550101"
        ],
        "event": 20,
        "created": "2015-04-27T19:06:15.695Z",
        "modified": "2015-04-27T19:06:15.695Z"
    },
    "pk": 93,
    "model": "core.eventguest"
},
{
    "fields": {
        "rsvp": 0,
        "guest": [
            "+17146032364"
        ],
        "event": 20,
        "created": "2015-04-27T21:39:07.589Z",
        "modified": "2015-04-28T21:55:09.829Z"
    },
    "pk": 103,
    "model": "core.eventguest"
},
{
    "fields": {
        "rsvp": 0,
        "guest": [
            "+16572001110"
        ],
        "event": 20,
        "created": "2015-05-01T21:40:10.185Z",
        "modified": "2015-05-01T21:40:10.185Z"
    },
    "pk": 117,
    "model": "core.eventguest"
},
{
    "fields": {
        "rsvp": 0,
        "guest": [
            "+17148885070"
        ],
        "event": 2,
        "created": "2015-05-04T16:47:53.899Z",
        "modified": "2015-05-04T16:47:53.899Z"
    },
    "pk": 119,
    "model": "core.eventguest"
},
{
    "fields": {
        "rsvp": 2,
        "guest": [
            "+17148885070"
        ],
        "event": 20,
        "created": "2015-05-08T00:09:01.635Z",
        "modified": "2015-05-11T22:15:09.270Z"
    },
    "pk": 131,
    "model": "core.eventguest"
},
{
    "fields": {
        "recipient": [
            "+16572001110"
        ],
        "created": "2015-05-07T22:17:06.074Z",
        "modified": "2015-05-07T22:19:35.771Z",
        "content_type": [
            "core",
            "event"
        ],
        "sender": [
            "+17148885070"
        ],
        "notification_type": 1,
        "object_id": 2
    },
    "pk": 3,
    "model": "core.inappnotification"
},
{
    "fields": {
        "recipient": [
            "+17148885070"
        ],
        "created": "2015-05-08T00:09:02.689Z",
        "modified": "2015-05-08T00:09:02.894Z",
        "content_type": [
            "core",
            "event"
        ],
        "sender": [
            "+17146032364"
        ],
        "notification_type": 1,
        "object_id": 20
    },
    "pk": 5,
    "model": "core.inappnotification"
},
{
    "fields": {
        "recipient": [
            "+17146032364"
        ],
        "created": "2015-05-08T17:22:19.952Z",
        "modified": "2015-05-08T17:22:20.159Z",
        "content_type": [
            "core",
            "event"
        ],
        "sender": [
            "+17148885070"
        ],
        "notification_type": 2,
        "object_id": 20
    },
    "pk": 6,
    "model": "core.inappnotification"
},
{
    "fields": {
        "recipient": [
            "+17146032364"
        ],
        "created": "2015-05-08T17:29:16.227Z",
        "modified": "2015-05-08T17:29:16.432Z",
        "content_type": [
            "core",
            "eventguest"
        ],
        "sender": [
            "+17148885070"
        ],
        "notification_type": 2,
        "object_id": 131
    },
    "pk": 7,
    "model": "core.inappnotification"
},
{
    "fields": {
        "recipient": [
            "+16572001110"
        ],
        "created": "2015-05-08T19:18:34.280Z",
        "modified": "2015-05-08T19:18:34.483Z",
        "content_type": [
            "core",
            "event"
        ],
        "sender": [
            "+17146032364"
        ],
        "notification_type": 3,
        "object_id": 20
    },
    "pk": 8,
    "model": "core.inappnotification"
},
{
    "fields": {
        "recipient": [
            "+17146032364"
        ],
        "created": "2015-05-08T19:18:34.320Z",
        "modified": "2015-05-08T19:18:34.526Z",
        "content_type": [
            "core",
            "event"
        ],
        "sender": [
            "+17146032364"
        ],
        "notification_type": 3,
        "object_id": 20
    },
    "pk": 9,
    "model": "core.inappnotification"
},
{
    "fields": {
        "recipient": [
            "+17148885070"
        ],
        "created": "2015-05-08T19:18:34.380Z",
        "modified": "2015-05-08T19:18:34.584Z",
        "content_type": [
            "core",
            "event"
        ],
        "sender": [
            "+17146032364"
        ],
        "notification_type": 3,
        "object_id": 20
    },
    "pk": 10,
    "model": "core.inappnotification"
},
{
    "fields": {
        "recipient": [
            "+16575550101"
        ],
        "created": "2015-05-08T19:18:34.389Z",
        "modified": "2015-05-08T19:18:34.593Z",
        "content_type": [
            "core",
            "event"
        ],
        "sender": [
            "+17146032364"
        ],
        "notification_type": 3,
        "object_id": 20
    },
    "pk": 11,
    "model": "core.inappnotification"
},
{
    "fields": {
        "recipient": [
            "+17146032364"
        ],
        "created": "2015-05-08T21:19:31.894Z",
        "modified": "2015-05-08T21:19:32.121Z",
        "content_type": [
            "core",
            "albumfile"
        ],
        "sender": [
            "+17146032364"
        ],
        "notification_type": 4,
        "object_id": 4788
    },
    "pk": 12,
    "model": "core.inappnotification"
},
{
    "fields": {
        "recipient": [
            "+16572001110"
        ],
        "created": "2015-05-08T21:19:31.900Z",
        "modified": "2015-05-08T21:19:32.122Z",
        "content_type": [
            "core",
            "albumfile"
        ],
        "sender": [
            "+17146032364"
        ],
        "notification_type": 4,
        "object_id": 4788
    },
    "pk": 13,
    "model": "core.inappnotification"
},
{
    "fields": {
        "recipient": [
            "+17148885070"
        ],
        "created": "2015-05-08T21:19:31.896Z",
        "modified": "2015-05-08T21:19:32.176Z",
        "content_type": [
            "core",
            "albumfile"
        ],
        "sender": [
            "+17146032364"
        ],
        "notification_type": 4,
        "object_id": 4788
    },
    "pk": 14,
    "model": "core.inappnotification"
},
{
    "fields": {
        "recipient": [
            "+16575550101"
        ],
        "created": "2015-05-08T21:19:32.670Z",
        "modified": "2015-05-08T21:19:32.871Z",
        "content_type": [
            "core",
            "albumfile"
        ],
        "sender": [
            "+17146032364"
        ],
        "notification_type": 4,
        "object_id": 4788
    },
    "pk": 15,
    "model": "core.inappnotification"
},
{
    "fields": {
        "recipient": [
            "+17146032364"
        ],
        "created": "2015-05-09T00:20:24.608Z",
        "modified": "2015-05-09T00:20:24.814Z",
        "content_type": [
            "core",
            "eventguest"
        ],
        "sender": [
            "+17146032364"
        ],
        "notification_type": 2,
        "object_id": 131
    },
    "pk": 16,
    "model": "core.inappnotification"
},
{
    "fields": {
        "recipient": [
            "+17146032364"
        ],
        "created": "2015-05-09T00:23:52.456Z",
        "modified": "2015-05-09T00:23:52.661Z",
        "content_type": [
            "core",
            "eventguest"
        ],
        "sender": [
            "+17146032364"
        ],
        "notification_type": 2,
        "object_id": 131
    },
    "pk": 17,
    "model": "core.inappnotification"
},
{
    "fields": {
        "recipient": [
            "+17146032364"
        ],
        "created": "2015-05-09T00:24:37.965Z",
        "modified": "2015-05-09T00:24:38.169Z",
        "content_type": [
            "core",
            "eventguest"
        ],
        "sender": [
            "+17146032364"
        ],
        "notification_type": 2,
        "object_id": 131
    },
    "pk": 18,
    "model": "core.inappnotification"
},
{
    "fields": {
        "recipient": [
            "+17146032364"
        ],
        "created": "2015-05-09T00:25:23.526Z",
        "modified": "2015-05-09T00:25:23.730Z",
        "content_type": [
            "core",
            "eventguest"
        ],
        "sender": [
            "+17146032364"
        ],
        "notification_type": 2,
        "object_id": 131
    },
    "pk": 19,
    "model": "core.inappnotification"
},
{
    "fields": {
        "recipient": [
            "+17148885070"
        ],
        "created": "2015-05-09T00:29:05.002Z",
        "modified": "2015-05-09T00:29:05.206Z",
        "content_type": [
            "core",
            "event"
        ],
        "sender": [
            "+17146032364"
        ],
        "notification_type": 3,
        "object_id": 20
    },
    "pk": 20,
    "model": "core.inappnotification"
},
{
    "fields": {
        "recipient": [
            "+17146032364"
        ],
        "created": "2015-05-09T00:29:05.021Z",
        "modified": "2015-05-09T00:29:05.225Z",
        "content_type": [
            "core",
            "event"
        ],
        "sender": [
            "+17146032364"
        ],
        "notification_type": 3,
        "object_id": 20
    },
    "pk": 21,
    "model": "core.inappnotification"
},
{
    "fields": {
        "recipient": [
            "+16572001110"
        ],
        "created": "2015-05-09T00:29:05.024Z",
        "modified": "2015-05-09T00:29:05.227Z",
        "content_type": [
            "core",
            "event"
        ],
        "sender": [
            "+17146032364"
        ],
        "notification_type": 3,
        "object_id": 20
    },
    "pk": 22,
    "model": "core.inappnotification"
},
{
    "fields": {
        "recipient": [
            "+16575550101"
        ],
        "created": "2015-05-09T00:29:05.036Z",
        "modified": "2015-05-09T00:29:05.241Z",
        "content_type": [
            "core",
            "event"
        ],
        "sender": [
            "+17146032364"
        ],
        "notification_type": 3,
        "object_id": 20
    },
    "pk": 23,
    "model": "core.inappnotification"
},
{
    "fields": {
        "recipient": [
            "+17146032364"
        ],
        "created": "2015-05-11T17:40:54.565Z",
        "modified": "2015-05-11T17:40:54.773Z",
        "content_type": [
            "core",
            "eventguest"
        ],
        "sender": [
            "+17148885070"
        ],
        "notification_type": 2,
        "object_id": 131
    },
    "pk": 24,
    "model": "core.inappnotification"
},
{
    "fields": {
        "recipient": [
            "+16575550101"
        ],
        "created": "2015-05-11T22:13:33.562Z",
        "modified": "2015-05-11T22:13:33.765Z",
        "content_type": [
            "core",
            "event"
        ],
        "sender": [
            "+17146032364"
        ],
        "notification_type": 3,
        "object_id": 20
    },
    "pk": 25,
    "model": "core.inappnotification"
},
{
    "fields": {
        "recipient": [
            "+17148885070"
        ],
        "created": "2015-05-11T22:13:33.577Z",
        "modified": "2015-05-11T22:13:33.783Z",
        "content_type": [
            "core",
            "event"
        ],
        "sender": [
            "+17146032364"
        ],
        "notification_type": 3,
        "object_id": 20
    },
    "pk": 26,
    "model": "core.inappnotification"
},
{
    "fields": {
        "recipient": [
            "+17146032364"
        ],
        "created": "2015-05-11T22:13:33.577Z",
        "modified": "2015-05-11T22:13:33.783Z",
        "content_type": [
            "core",
            "event"
        ],
        "sender": [
            "+17146032364"
        ],
        "notification_type": 3,
        "object_id": 20
    },
    "pk": 27,
    "model": "core.inappnotification"
},
{
    "fields": {
        "recipient": [
            "+16572001110"
        ],
        "created": "2015-05-11T22:13:34.879Z",
        "modified": "2015-05-11T22:13:35.081Z",
        "content_type": [
            "core",
            "event"
        ],
        "sender": [
            "+17146032364"
        ],
        "notification_type": 3,
        "object_id": 20
    },
    "pk": 28,
    "model": "core.inappnotification"
},
{
    "fields": {
        "recipient": [
            "+17146032364"
        ],
        "created": "2015-05-11T22:15:10.099Z",
        "modified": "2015-05-11T22:15:10.301Z",
        "content_type": [
            "core",
            "eventguest"
        ],
        "sender": [
            "+17148885070"
        ],
        "notification_type": 2,
        "object_id": 131
    },
    "pk": 29,
    "model": "core.inappnotification"
},
{
    "fields": {
        "status": 1,
        "followee": [
            "+17148885070"
        ],
        "created": "2015-05-12T18:58:42.312Z",
        "modified": "2015-05-12T23:39:27.742Z",
        "follower": [
            "+17146032364"
        ]
    },
    "pk": 2,
    "model": "core.follow"
},
{
    "fields": {
        "status": 0,
        "followee": [
            "+16572001110"
        ],
        "created": "2015-05-12T20:31:44.248Z",
        "modified": "2015-05-12T20:31:44.248Z",
        "follower": [
            "+17146032364"
        ]
    },
    "pk": 3,
    "model": "core.follow"
},
{
    "fields": {
        "status": 0,
        "followee": [
            "+17146032364"
        ],
        "created": "2015-05-13T00:19:16.140Z",
        "modified": "2015-05-13T00:19:16.140Z",
        "follower": [
            "+17148885070"
        ]
    },
    "pk": 4,
    "model": "core.follow"
},
{
    "fields": {
        "recipient": [
            "+17148885070"
        ],
        "data": "{\"location\":null,\"guests\":[],\"start\":\"2015-12-25T01:00:00Z\",\"title\":\"Christmas Party 4\"}",
        "created": "2015-05-14T00:17:53.223Z",
        "modified": "2015-05-14T00:17:53.223Z",
        "stream_type": 0,
        "content_type": [
            "core",
            "event"
        ],
        "sender": [
            "+17146032364"
        ],
        "object_id": 28
    },
    "pk": 3,
    "model": "core.stream"
},
{
    "fields": {
        "recipient": [
            "+17148885070"
        ],
        "data": "{\"location\":null,\"guests\":[],\"start\":\"2015-12-25T01:00:00Z\",\"title\":\"Christmas Party 6\"}",
        "created": "2015-05-14T00:18:50.960Z",
        "modified": "2015-05-14T00:18:50.960Z",
        "stream_type": 0,
        "content_type": [
            "core",
            "event"
        ],
        "sender": [
            "+17146032364"
        ],
        "object_id": 30
    },
    "pk": 4,
    "model": "core.stream"
}
]
